{
  "asymmetric_convergence_1": {
    "median": 0.00112331008,
    "mean": 0.00112715878,
    "stddev": 3.1171979065250995e-05,
    "min": 0.00108092358,
    "max": 0.00118328358
  },
  "asymmetric_convergence_16": {
    "median": 0.00161512798,
    "mean": 0.0016110141800000002,
    "stddev": 3.431044004073527e-05,
    "min": 0.00156042548,
    "max": 0.0016565754800000002
  },
  "asymmetric_convergence_256": {
    "median": 0.00199881386,
    "mean": 0.00200592176,
    "stddev": 3.498455506664497e-05,
    "min": 0.0019694328599999997,
    "max": 0.00209244186
  },
  "asymmetric_convergence_4": {
    "median": 0.0011323520400000002,
    "mean": 0.0011324949400000003,
    "stddev": 3.5730033735873644e-05,
    "min": 0.0010718700400000002,
    "max": 0.0011825050400000002
  },
  "asymmetric_convergence_64": {
    "median": 0.0017097913,
    "mean": 0.0017140953000000004,
    "stddev": 5.49047143315884e-05,
    "min": 0.0016172638000000001,
    "max": 0.0017960768
  },
  "complex": {
    "median": 0.04112191384,
    "mean": 0.04081000364,
    "stddev": 0.001953427542853774,
    "min": 0.03829667384,
    "max": 0.04407799684
  },
  "integer_roots_1": {
    "median": 0.05875417270000001,
    "mean": 0.05918155420000001,
    "stddev": 0.001740934164594606,
    "min": 0.0577045917,
    "max": 0.0635901807
  },
  "integer_roots_16": {
    "median": 0.06420511998,
    "mean": 0.06419584398,
    "stddev": 0.000888501365095336,
    "min": 0.06307435348000001,
    "max": 0.06566659848
  },
  "integer_roots_256": {
    "median": 0.095809209,
    "mean": 0.0957801233,
    "stddev": 0.0008150459207296309,
    "min": 0.094879378,
    "max": 0.097307276
  },
  "integer_roots_4": {
    "median": 0.059570826820000006,
    "mean": 0.05999017962000001,
    "stddev": 0.0008898446752733871,
    "min": 0.059132155820000004,
    "max": 0.06163827982
  },
  "integer_roots_64": {
    "median": 0.06929175948,
    "mean": 0.06947477758000001,
    "stddev": 0.0007644206857110732,
    "min": 0.06867128548000001,
    "max": 0.07150182348
  },
  "inv_1": {
    "median": 0.0017751431400000006,
    "mean": 0.0017797583400000004,
    "stddev": 2.748065999146794e-05,
    "min": 0.0017403266400000004,
    "max": 0.0018189636400000003
  },
  "inv_16": {
    "median": 0.00218211876,
    "mean": 0.00218712586,
    "stddev": 3.161992119411781e-05,
    "min": 0.00215069976,
    "max": 0.00223560076
  },
  "inv_256": {
    "median": 0.00225695958,
    "mean": 0.0022513749800000004,
    "stddev": 2.930292983247015e-05,
    "min": 0.00220332408,
    "max": 0.0022910320800000003
  },
  "inv_4": {
    "median": 0.0017984528,
    "mean": 0.0018005780000000002,
    "stddev": 5.8380420553089207e-05,
    "min": 0.0017217798,
    "max": 0.0019134538000000001
  },
  "inv_64": {
    "median": 0.0022129438,
    "mean": 0.0022133314,
    "stddev": 3.140354373297535e-05,
    "min": 0.0021644203,
    "max": 0.0022526583
  },
  "pi_1": {
    "median": 0.00123921568,
    "mean": 0.00124324418,
    "stddev": 3.485050199861624e-05,
    "min": 0.00118767418,
    "max": 0.00130246918
  },
  "pi_16": {
    "median": 0.0012400927800000003,
    "mean": 0.00124298538,
    "stddev": 2.9675981339947146e-05,
    "min": 0.0012091687800000002,
    "max": 0.0013194237800000003
  },
  "pi_256": {
    "median": 0.007676705620000001,
    "mean": 0.007668114320000001,
    "stddev": 0.0021455803503479115,
    "min": 0.00455335612,
    "max": 0.01111940512
  },
  "pi_4": {
    "median": 0.0012363096400000002,
    "mean": 0.0012344179400000002,
    "stddev": 1.4565285426886342e-05,
    "min": 0.00120904364,
    "max": 0.00126299364
  },
  "pi_64": {
    "median": 0.0036404354000000006,
    "mean": 0.0035680256,
    "stddev": 0.00020173087719481354,
    "min": 0.0031731729,
    "max": 0.0038160769000000006
  },
  "sin_1": {
    "median": 0.00409044302,
    "mean": 0.00410836562,
    "stddev": 6.512882294251729e-05,
    "min": 0.00404643752,
    "max": 0.00426500652
  },
  "sin_16": {
    "median": 0.00436237844,
    "mean": 0.00435442174,
    "stddev": 3.4805084082804755e-05,
    "min": 0.0042777154400000005,
    "max": 0.00439706544
  },
  "sin_256": {
    "median": 0.12116213090000001,
    "mean": 0.12017243870000001,
    "stddev": 0.004264561912654439,
    "min": 0.11101452040000001,
    "max": 0.1251521444
  },
  "sin_4": {
    "median": 0.00399301356,
    "mean": 0.00400443906,
    "stddev": 5.74461608430982e-05,
    "min": 0.00393305756,
    "max": 0.00409697656
  },
  "sin_64": {
    "median": 0.008977612120000002,
    "mean": 0.008908077620000001,
    "stddev": 0.0005869834365090725,
    "min": 0.008031583620000001,
    "max": 0.009823012620000002
  },
  "summation": {
    "median": 0.19593832888,
    "mean": 0.19663412698000005,
    "stddev": 0.0016675789145611613,
    "min": 0.19488099388000002,
    "max": 0.19977858288
  }
}
