{
  "asymmetric_convergence_1": {
    "median": 0.0019163521,
    "mean": 0.0019181682000000001,
    "stddev": 4.038082169779226e-05,
    "min": 0.0018530701,
    "max": 0.0019706511
  },
  "asymmetric_convergence_16": {
    "median": 0.0039101113,
    "mean": 0.0039181653,
    "stddev": 9.684116765009285e-05,
    "min": 0.0037719068,
    "max": 0.004114222800000001
  },
  "asymmetric_convergence_256": {
    "median": 0.0357791048,
    "mean": 0.035841684400000004,
    "stddev": 0.0015157378416252299,
    "min": 0.032432900800000004,
    "max": 0.037987549800000006
  },
  "asymmetric_convergence_4": {
    "median": 0.0023315156600000005,
    "mean": 0.00233662926,
    "stddev": 3.910744492974876e-05,
    "min": 0.00229041966,
    "max": 0.0024209626600000004
  },
  "asymmetric_convergence_64": {
    "median": 0.01072967846,
    "mean": 0.01070456076,
    "stddev": 0.0003405200271949423,
    "min": 0.010009997960000001,
    "max": 0.01118247696
  },
  "complex": {
    "median": 0.17609611254000002,
    "mean": 0.17603024864,
    "stddev": 0.002813337619015357,
    "min": 0.17138550854,
    "max": 0.17959599654000002
  },
  "integer_roots_1": {
    "median": 0.72886939244,
    "mean": 0.72685014624,
    "stddev": 0.008947831412735464,
    "min": 0.71047206394,
    "max": 0.73986990594
  },
  "integer_roots_16": {
    "median": 1.2472693965400001,
    "mean": 1.2473853792400003,
    "stddev": 0.014416306179324614,
    "min": 1.22153860354,
    "max": 1.26447810754
  },
  "integer_roots_256": {
    "median": 9.63411186654,
    "mean": 9.62896303314,
    "stddev": 0.1921379946462766,
    "min": 9.34579676654,
    "max": 10.03486411254
  },
  "integer_roots_4": {
    "median": 0.8182796188400001,
    "mean": 0.8204585231399999,
    "stddev": 0.006425831291833846,
    "min": 0.8148106813400001,
    "max": 0.83380467834
  },
  "integer_roots_64": {
    "median": 2.8433704577,
    "mean": 2.8889295282999994,
    "stddev": 0.10314691582188078,
    "min": 2.7903752252,
    "max": 3.1021354191999997
  },
  "inv_1": {
    "median": 0.01073269306,
    "mean": 0.010782329660000001,
    "stddev": 0.00046971886164272103,
    "min": 0.01019807606,
    "max": 0.011696533060000002
  },
  "inv_16": {
    "median": 0.010472229020000001,
    "mean": 0.01071026522,
    "stddev": 0.0006840607644419059,
    "min": 0.01008300002,
    "max": 0.01241522402
  },
  "inv_256": {
    "median": 0.012533290320000001,
    "mean": 0.01245492282,
    "stddev": 0.00043406665959683596,
    "min": 0.011702256820000001,
    "max": 0.01298850982
  },
  "inv_4": {
    "median": 0.010646640800000001,
    "mean": 0.0106318255,
    "stddev": 0.0005096111801792944,
    "min": 0.009799102300000001,
    "max": 0.0113104923
  },
  "inv_64": {
    "median": 0.01238387634,
    "mean": 0.012434360440000002,
    "stddev": 0.0005074871753277124,
    "min": 0.011755742340000002,
    "max": 0.013318198340000002
  },
  "pi_1": {
    "median": 0.0015842025000000002,
    "mean": 0.0015961900000000002,
    "stddev": 5.990113438918427e-05,
    "min": 0.0015395420000000005,
    "max": 0.0017451170000000005
  },
  "pi_16": {
    "median": 0.00164596606,
    "mean": 0.0016559532600000002,
    "stddev": 6.6089258929034e-05,
    "min": 0.00157318456,
    "max": 0.0017858275600000002
  },
  "pi_256": {
    "median": 0.14929117677999998,
    "mean": 0.12848771598000003,
    "stddev": 0.035235298301463866,
    "min": 0.07367796378000001,
    "max": 0.16323945578000001
  },
  "pi_4": {
    "median": 0.0016351868599999997,
    "mean": 0.0016290663599999998,
    "stddev": 1.768046896216909e-05,
    "min": 0.00159601386,
    "max": 0.00165285986
  },
  "pi_64": {
    "median": 0.00612683602,
    "mean": 0.006183764919999999,
    "stddev": 0.0002311376458280507,
    "min": 0.0059691465199999995,
    "max": 0.00667866052
  },
  "sin_1": {
    "median": 0.02694684664,
    "mean": 0.026867274539999996,
    "stddev": 0.0009411429881537598,
    "min": 0.02455424864,
    "max": 0.02814494764
  },
  "sin_16": {
    "median": 0.03428316226,
    "mean": 0.03477734766,
    "stddev": 0.0018181057458471236,
    "min": 0.03321879376,
    "max": 0.03942202276
  },
  "sin_256": {
    "median": 8.75406298974,
    "mean": 8.68227666704,
    "stddev": 0.25644646006154875,
    "min": 8.18763946924,
    "max": 8.98880206924
  },
  "sin_4": {
    "median": 0.028083101040000003,
    "mean": 0.02805454424,
    "stddev": 0.0011030137894158497,
    "min": 0.02620380304,
    "max": 0.029417387040000003
  },
  "sin_64": {
    "median": 0.1249868527,
    "mean": 0.12448633440000001,
    "stddev": 0.0030744288127807144,
    "min": 0.1192590467,
    "max": 0.1293639067
  },
  "summation": {
    "median": 0.7461430104000001,
    "mean": 0.7485015086000001,
    "stddev": 0.011400015466616537,
    "min": 0.7372769794000001,
    "max": 0.7766092184000001
  }
}
