{
  "asymmetric_convergence_1": {
    "median": 0.0017971155200000003,
    "mean": 0.00179583882,
    "stddev": 1.7534019898154832e-05,
    "min": 0.00176496052,
    "max": 0.0018230685200000003
  },
  "asymmetric_convergence_16": {
    "median": 0.0034435091000000004,
    "mean": 0.0034824821,
    "stddev": 0.00015885776887448016,
    "min": 0.0032514121,
    "max": 0.0037754571
  },
  "asymmetric_convergence_256": {
    "median": 0.0275335921,
    "mean": 0.028002549199999997,
    "stddev": 0.001851320462499323,
    "min": 0.025729085600000003,
    "max": 0.0316608536
  },
  "asymmetric_convergence_4": {
    "median": 0.0022146766400000005,
    "mean": 0.0022076447400000004,
    "stddev": 5.282714777134533e-05,
    "min": 0.0021178726400000007,
    "max": 0.0022971026400000006
  },
  "asymmetric_convergence_64": {
    "median": 0.00818537614,
    "mean": 0.008284790740000002,
    "stddev": 0.00044335177579464655,
    "min": 0.007700479140000001,
    "max": 0.00904786214
  },
  "complex": {
    "median": 0.13935202290000004,
    "mean": 0.13984693720000002,
    "stddev": 0.0014939104701745401,
    "min": 0.13849651890000003,
    "max": 0.14282875190000002
  },
  "integer_roots_1": {
    "median": 0.59557324856,
    "mean": 0.59640534956,
    "stddev": 0.005960727282364208,
    "min": 0.58809456256,
    "max": 0.60615287456
  },
  "integer_roots_16": {
    "median": 1.02047780256,
    "mean": 1.02390722076,
    "stddev": 0.012487666121811325,
    "min": 1.00988140256,
    "max": 1.04356415156
  },
  "integer_roots_256": {
    "median": 8.02301963714,
    "mean": 8.03011820724,
    "stddev": 0.02913348164302818,
    "min": 7.98317280964,
    "max": 8.081664785640001
  },
  "integer_roots_4": {
    "median": 0.6741660306600001,
    "mean": 0.67654997996,
    "stddev": 0.004474413090264297,
    "min": 0.67075545416,
    "max": 0.68193352616
  },
  "integer_roots_64": {
    "median": 2.41498108622,
    "mean": 2.4119033335199997,
    "stddev": 0.015734537143905478,
    "min": 2.39368036822,
    "max": 2.43221382722
  },
  "inv_1": {
    "median": 0.010425499880000001,
    "mean": 0.01026363808,
    "stddev": 0.00045865729928565546,
    "min": 0.00910091338,
    "max": 0.010625428380000001
  },
  "inv_16": {
    "median": 0.01175773666,
    "mean": 0.01164692726,
    "stddev": 0.00041421066670648796,
    "min": 0.01100595016,
    "max": 0.01214184816
  },
  "inv_256": {
    "median": 0.01179997112,
    "mean": 0.01172204912,
    "stddev": 0.0004668806218764898,
    "min": 0.01105578712,
    "max": 0.012288192120000001
  },
  "inv_4": {
    "median": 0.01046628238,
    "mean": 0.01046311958,
    "stddev": 0.0004750312622825293,
    "min": 0.00955363338,
    "max": 0.01109270738
  },
  "inv_64": {
    "median": 0.011651560660000001,
    "mean": 0.01164324876,
    "stddev": 0.0002649664432239798,
    "min": 0.011184537660000002,
    "max": 0.012051420660000001
  },
  "pi_1": {
    "median": 0.0014946421400000005,
    "mean": 0.0014992049400000004,
    "stddev": 4.3006920894716956e-05,
    "min": 0.0014373301400000004,
    "max": 0.0015623331400000003
  },
  "pi_16": {
    "median": 0.00149355814,
    "mean": 0.0015021126400000002,
    "stddev": 3.208645238604953e-05,
    "min": 0.0014572071400000002,
    "max": 0.0015545151400000001
  },
  "pi_256": {
    "median": 0.09956590552,
    "mean": 0.11622438682,
    "stddev": 0.033472703565623825,
    "min": 0.07121767952000001,
    "max": 0.15422511352
  },
  "pi_4": {
    "median": 0.0014808828800000002,
    "mean": 0.0014855418800000003,
    "stddev": 2.629938301029554e-05,
    "min": 0.0014555633800000004,
    "max": 0.0015356883800000003
  },
  "pi_64": {
    "median": 0.00560611672,
    "mean": 0.0056289250200000016,
    "stddev": 0.0001353657768788371,
    "min": 0.005422179720000001,
    "max": 0.00589250472
  },
  "sin_1": {
    "median": 0.024361824080000004,
    "mean": 0.02459707358,
    "stddev": 0.0007750071775345051,
    "min": 0.023743193580000002,
    "max": 0.02657121658
  },
  "sin_16": {
    "median": 0.02938450352,
    "mean": 0.029387354920000004,
    "stddev": 0.0003389499931455634,
    "min": 0.028931821520000005,
    "max": 0.029958027520000003
  },
  "sin_256": {
    "median": 8.682648990459999,
    "mean": 8.65465844216,
    "stddev": 0.18938369755726372,
    "min": 8.33979825246,
    "max": 8.93986502946
  },
  "sin_4": {
    "median": 0.02591896256,
    "mean": 0.026274576160000007,
    "stddev": 0.000964066375851465,
    "min": 0.02522664956,
    "max": 0.028144614560000003
  },
  "sin_64": {
    "median": 0.11571944838,
    "mean": 0.11626015608,
    "stddev": 0.00346616998230704,
    "min": 0.11166526788000002,
    "max": 0.12231608688000001
  },
  "summation": {
    "median": 0.61692917656,
    "mean": 0.61599808076,
    "stddev": 0.005768420830504515,
    "min": 0.60680128106,
    "max": 0.62477280806
  }
}
