{
  "asymmetric_convergence_1": {
    "median": 0.0017489689000000001,
    "mean": 0.0017659252999999997,
    "stddev": 6.629269110618458e-05,
    "min": 0.0016767803999999998,
    "max": 0.0019323344
  },
  "asymmetric_convergence_16": {
    "median": 0.0024865245600000003,
    "mean": 0.00248258146,
    "stddev": 9.359903328346936e-05,
    "min": 0.00237975906,
    "max": 0.0026338310600000003
  },
  "asymmetric_convergence_256": {
    "median": 0.01316391004,
    "mean": 0.013068237140000003,
    "stddev": 0.00042440120515496775,
    "min": 0.012021611040000001,
    "max": 0.013483461040000002
  },
  "asymmetric_convergence_4": {
    "median": 0.0019138832,
    "mean": 0.0019151333,
    "stddev": 4.756393138876933e-05,
    "min": 0.0018396867,
    "max": 0.0019992967
  },
  "asymmetric_convergence_64": {
    "median": 0.004718014760000001,
    "mean": 0.00475277886,
    "stddev": 0.0001187784492660367,
    "min": 0.004573647260000001,
    "max": 0.004965016260000001
  },
  "complex": {
    "median": 0.13896144712,
    "mean": 0.13890878852,
    "stddev": 0.0013136472443261169,
    "min": 0.13657638912,
    "max": 0.14068785412
  },
  "integer_roots_1": {
    "median": 0.5262027712,
    "mean": 0.5273224336,
    "stddev": 0.008443729274901026,
    "min": 0.5163652297,
    "max": 0.5442469377
  },
  "integer_roots_16": {
    "median": 0.8448399173800001,
    "mean": 0.84424254728,
    "stddev": 0.0033346885823885893,
    "min": 0.8380300218800001,
    "max": 0.84837745088
  },
  "integer_roots_256": {
    "median": 6.095631146700001,
    "mean": 6.0956603322000005,
    "stddev": 0.014363480644496922,
    "min": 6.0681008667,
    "max": 6.117945603700001
  },
  "integer_roots_4": {
    "median": 0.5945125402,
    "mean": 0.5915870085000001,
    "stddev": 0.010607367918219037,
    "min": 0.5699745387,
    "max": 0.6077120687
  },
  "integer_roots_64": {
    "median": 1.8837020238200002,
    "mean": 1.88382684762,
    "stddev": 0.008525550708490216,
    "min": 1.8717338703200002,
    "max": 1.9009433883200002
  },
  "inv_1": {
    "median": 0.00999490796,
    "mean": 0.010125367159999999,
    "stddev": 0.0003624051319510469,
    "min": 0.00975610346,
    "max": 0.010728386460000001
  },
  "inv_16": {
    "median": 0.009945342,
    "mean": 0.009997080299999999,
    "stddev": 0.0004975796637754045,
    "min": 0.0092805675,
    "max": 0.0106820365
  },
  "inv_256": {
    "median": 0.011950160760000002,
    "mean": 0.01186140186,
    "stddev": 0.00025332847482246795,
    "min": 0.011396437760000001,
    "max": 0.01231368776
  },
  "inv_4": {
    "median": 0.00967507402,
    "mean": 0.00979476692,
    "stddev": 0.00039427517464701384,
    "min": 0.009344897520000001,
    "max": 0.01054095652
  },
  "inv_64": {
    "median": 0.011887762159999999,
    "mean": 0.01171462356,
    "stddev": 0.0004011142965294584,
    "min": 0.01080476266,
    "max": 0.01204827366
  },
  "pi_1": {
    "median": 0.0016532480400000002,
    "mean": 0.00165841784,
    "stddev": 4.490714776019011e-05,
    "min": 0.0015914400400000002,
    "max": 0.00173022904
  },
  "pi_16": {
    "median": 0.0016568210800000003,
    "mean": 0.0016618694800000003,
    "stddev": 2.975296995240791e-05,
    "min": 0.0016184135800000003,
    "max": 0.00170997658
  },
  "pi_256": {
    "median": 0.15334343842,
    "mean": 0.17757963412000002,
    "stddev": 0.03167002368766043,
    "min": 0.15276574442000002,
    "max": 0.21475831542
  },
  "pi_4": {
    "median": 0.0016429040000000002,
    "mean": 0.0017144637999999997,
    "stddev": 0.0002082539371985024,
    "min": 0.0016224485,
    "max": 0.0023041235
  },
  "pi_64": {
    "median": 0.0071049288,
    "mean": 0.0071669382,
    "stddev": 0.0008612420650030785,
    "min": 0.0058231203,
    "max": 0.008088839300000001
  },
  "sin_1": {
    "median": 0.023670872100000004,
    "mean": 0.023590663100000006,
    "stddev": 0.0008104175965368099,
    "min": 0.0221903056,
    "max": 0.024645355600000002
  },
  "sin_16": {
    "median": 0.02359378414,
    "mean": 0.02389321044,
    "stddev": 0.000992466593617813,
    "min": 0.02279314114,
    "max": 0.02562671214
  },
  "sin_256": {
    "median": 5.890126046620001,
    "mean": 5.887808006320001,
    "stddev": 0.03140942889129866,
    "min": 5.835356705120001,
    "max": 5.929768683120001
  },
  "sin_4": {
    "median": 0.02550307314,
    "mean": 0.02547052444000001,
    "stddev": 0.0009396042404323216,
    "min": 0.02437895164,
    "max": 0.02728318064
  },
  "sin_64": {
    "median": 0.07903414448000001,
    "mean": 0.07915172118000001,
    "stddev": 0.001786588618401673,
    "min": 0.07575390498000001,
    "max": 0.08142471998
  },
  "summation": {
    "median": 0.5840607600200001,
    "mean": 0.58496348772,
    "stddev": 0.005732993628903723,
    "min": 0.58001914702,
    "max": 0.60003484902
  }
}
