{
  "asymmetric_convergence_1": {
    "median": 0.00100636202,
    "mean": 0.00100885922,
    "stddev": 2.2012571472784495e-05,
    "min": 0.0009762850199999998,
    "max": 0.0010507440199999999
  },
  "asymmetric_convergence_16": {
    "median": 0.0015423516800000003,
    "mean": 0.0015451906800000002,
    "stddev": 2.4842182129282478e-05,
    "min": 0.0015058431800000003,
    "max": 0.00158473018
  },
  "asymmetric_convergence_256": {
    "median": 0.00193593606,
    "mean": 0.0019564213600000006,
    "stddev": 6.0412286115767326e-05,
    "min": 0.0018609165600000002,
    "max": 0.0020523135600000004
  },
  "asymmetric_convergence_4": {
    "median": 0.0010622491199999999,
    "mean": 0.00105010202,
    "stddev": 3.903392202929252e-05,
    "min": 0.00099345112,
    "max": 0.00111032912
  },
  "asymmetric_convergence_64": {
    "median": 0.00157111522,
    "mean": 0.0015804331199999997,
    "stddev": 4.424406857785821e-05,
    "min": 0.00153317022,
    "max": 0.00167031522
  },
  "complex": {
    "median": 0.03773145598,
    "mean": 0.038621337080000005,
    "stddev": 0.002751210082297261,
    "min": 0.03600312498,
    "max": 0.043555901980000006
  },
  "integer_roots_1": {
    "median": 0.05731773626,
    "mean": 0.05751145296,
    "stddev": 0.0005222752114059436,
    "min": 0.05705771026,
    "max": 0.05881264826
  },
  "integer_roots_16": {
    "median": 0.06276660558000001,
    "mean": 0.06297703178,
    "stddev": 0.0005123076252131792,
    "min": 0.06259841608,
    "max": 0.06423772508
  },
  "integer_roots_256": {
    "median": 0.09550423102000001,
    "mean": 0.09566462782,
    "stddev": 0.0016580268341939725,
    "min": 0.09326810102000001,
    "max": 0.09808728802000001
  },
  "integer_roots_4": {
    "median": 0.05940514192000001,
    "mean": 0.05955485132000001,
    "stddev": 0.00035195959050608565,
    "min": 0.059185967420000006,
    "max": 0.06030611042000001
  },
  "integer_roots_64": {
    "median": 0.0687029885,
    "mean": 0.0689992388,
    "stddev": 0.0006297748394035221,
    "min": 0.068396758,
    "max": 0.070228395
  },
  "inv_1": {
    "median": 0.0016901701000000002,
    "mean": 0.0017026828000000001,
    "stddev": 4.271588563416555e-05,
    "min": 0.0016454016,
    "max": 0.0017706456000000001
  },
  "inv_16": {
    "median": 0.00207050632,
    "mean": 0.0020664648200000003,
    "stddev": 3.866110427879104e-05,
    "min": 0.00200323632,
    "max": 0.00211859132
  },
  "inv_256": {
    "median": 0.00213139054,
    "mean": 0.00213624694,
    "stddev": 2.3526358420810556e-05,
    "min": 0.00211135304,
    "max": 0.00218500104
  },
  "inv_4": {
    "median": 0.0016915425,
    "mean": 0.0016919987000000001,
    "stddev": 3.374211100571831e-05,
    "min": 0.0016424610000000002,
    "max": 0.001734342
  },
  "inv_64": {
    "median": 0.0020878794799999998,
    "mean": 0.00209689058,
    "stddev": 2.9147301297604403e-05,
    "min": 0.00207084798,
    "max": 0.00216928098
  },
  "pi_1": {
    "median": 0.00114008348,
    "mean": 0.0011405030800000003,
    "stddev": 2.6244430149610387e-05,
    "min": 0.00109578498,
    "max": 0.0011843309800000001
  },
  "pi_16": {
    "median": 0.0011459859400000001,
    "mean": 0.0011440967400000001,
    "stddev": 2.6026057088361786e-05,
    "min": 0.0010949714400000001,
    "max": 0.00117939844
  },
  "pi_256": {
    "median": 0.00845517962,
    "mean": 0.00875320262,
    "stddev": 0.0014344846897150713,
    "min": 0.0070936581200000005,
    "max": 0.01090537112
  },
  "pi_4": {
    "median": 0.0011346207200000002,
    "mean": 0.00114311492,
    "stddev": 1.7545738411363585e-05,
    "min": 0.0011239517200000001,
    "max": 0.0011812977200000001
  },
  "pi_64": {
    "median": 0.0034038928,
    "mean": 0.0033886746,
    "stddev": 0.00021658071196351315,
    "min": 0.0030643068000000004,
    "max": 0.0036481888000000004
  },
  "sin_1": {
    "median": 0.0039032166600000005,
    "mean": 0.0039047226599999998,
    "stddev": 2.618342069155794e-05,
    "min": 0.0038607226600000004,
    "max": 0.00394154266
  },
  "sin_16": {
    "median": 0.00418723284,
    "mean": 0.00417904654,
    "stddev": 4.5356395376077836e-05,
    "min": 0.0041137653400000005,
    "max": 0.00424324534
  },
  "sin_256": {
    "median": 0.12125174596,
    "mean": 0.11879662656000001,
    "stddev": 0.006840736778078695,
    "min": 0.10806621996,
    "max": 0.12617892096
  },
  "sin_4": {
    "median": 0.0038956272799999998,
    "mean": 0.00390319248,
    "stddev": 4.478727544688961e-05,
    "min": 0.0038481682799999996,
    "max": 0.00400237628
  },
  "sin_64": {
    "median": 0.00814915878,
    "mean": 0.008381556480000002,
    "stddev": 0.00047185581370490974,
    "min": 0.007994930780000001,
    "max": 0.009079578780000002
  },
  "summation": {
    "median": 0.18508278824000002,
    "mean": 0.18514119814,
    "stddev": 0.001233377365781404,
    "min": 0.18336008824,
    "max": 0.18681595824
  }
}
