{
  "asymmetric_convergence_1": {
    "median": 0.00191292102,
    "mean": 0.0019188778200000002,
    "stddev": 3.556999385499595e-05,
    "min": 0.00186705602,
    "max": 0.0019986860200000003
  },
  "asymmetric_convergence_16": {
    "median": 0.004048496540000001,
    "mean": 0.004037323840000001,
    "stddev": 0.00014633447499691327,
    "min": 0.00374534304,
    "max": 0.00431328904
  },
  "asymmetric_convergence_256": {
    "median": 0.037452563960000004,
    "mean": 0.037113434359999996,
    "stddev": 0.00228413899180469,
    "min": 0.03249053446,
    "max": 0.04051312446
  },
  "asymmetric_convergence_4": {
    "median": 0.00235719572,
    "mean": 0.0023626166200000002,
    "stddev": 4.903413321396066e-05,
    "min": 0.0022632602200000004,
    "max": 0.00243320722
  },
  "asymmetric_convergence_64": {
    "median": 0.01099726426,
    "mean": 0.010868594060000004,
    "stddev": 0.00047690181234035054,
    "min": 0.009962441260000001,
    "max": 0.011367201260000001
  },
  "complex": {
    "median": 0.16609462182,
    "mean": 0.16639562022,
    "stddev": 0.001506885470215393,
    "min": 0.16481100282,
    "max": 0.17001967082
  },
  "integer_roots_1": {
    "median": 0.68632000064,
    "mean": 0.69043361684,
    "stddev": 0.009829090501141984,
    "min": 0.68012192614,
    "max": 0.70982295914
  },
  "integer_roots_16": {
    "median": 1.18988605304,
    "mean": 1.1892326494399998,
    "stddev": 0.00784048667173728,
    "min": 1.17767707654,
    "max": 1.20477419554
  },
  "integer_roots_256": {
    "median": 9.422704569,
    "mean": 9.4269003301,
    "stddev": 0.03819925592516373,
    "min": 9.369085615,
    "max": 9.493606158
  },
  "integer_roots_4": {
    "median": 0.7836298138000002,
    "mean": 0.7853084304000001,
    "stddev": 0.006846180834108963,
    "min": 0.7758361583000001,
    "max": 0.7955913873000001
  },
  "integer_roots_64": {
    "median": 2.8055922874799997,
    "mean": 2.80305995568,
    "stddev": 0.012521656368100648,
    "min": 2.77696271998,
    "max": 2.82046602998
  },
  "inv_1": {
    "median": 0.0106460432,
    "mean": 0.010919639600000001,
    "stddev": 0.0006566386710102446,
    "min": 0.0100642427,
    "max": 0.0121087867
  },
  "inv_16": {
    "median": 0.011332303540000001,
    "mean": 0.01179202944,
    "stddev": 0.0008809889099235398,
    "min": 0.01090373404,
    "max": 0.01339936704
  },
  "inv_256": {
    "median": 0.01304238898,
    "mean": 0.013086862980000002,
    "stddev": 0.0007438853205368941,
    "min": 0.012186513480000001,
    "max": 0.01426584348
  },
  "inv_4": {
    "median": 0.0111821373,
    "mean": 0.011236286900000001,
    "stddev": 0.0003080784954226401,
    "min": 0.0108669538,
    "max": 0.0116968958
  },
  "inv_64": {
    "median": 0.0127421531,
    "mean": 0.012959260500000003,
    "stddev": 0.0006920669011583583,
    "min": 0.012059580100000002,
    "max": 0.0141922521
  },
  "pi_1": {
    "median": 0.00156236516,
    "mean": 0.0015685395599999998,
    "stddev": 2.8011088003780786e-05,
    "min": 0.0015406191600000002,
    "max": 0.00163286216
  },
  "pi_16": {
    "median": 0.0015647167399999997,
    "mean": 0.0015847099399999994,
    "stddev": 4.293638664621582e-05,
    "min": 0.0015328222399999996,
    "max": 0.0016623732399999999
  },
  "pi_256": {
    "median": 0.10885662566000001,
    "mean": 0.12262604565999999,
    "stddev": 0.030413613276170204,
    "min": 0.07967451066,
    "max": 0.16180323066000002
  },
  "pi_4": {
    "median": 0.0015634317200000003,
    "mean": 0.0015694057200000004,
    "stddev": 3.86088109633021e-05,
    "min": 0.0015379147200000004,
    "max": 0.0016675747200000002
  },
  "pi_64": {
    "median": 0.0062287319,
    "mean": 0.006226516700000001,
    "stddev": 0.00017204261952657744,
    "min": 0.0059119784,
    "max": 0.0064562094
  },
  "sin_1": {
    "median": 0.0268681947,
    "mean": 0.0268583361,
    "stddev": 0.0003533420977929342,
    "min": 0.0263723887,
    "max": 0.0274650597
  },
  "sin_16": {
    "median": 0.0321261989,
    "mean": 0.0326742555,
    "stddev": 0.0012402144279174015,
    "min": 0.031355490900000005,
    "max": 0.0347267059
  },
  "sin_256": {
    "median": 8.63068782676,
    "mean": 8.641549144959999,
    "stddev": 0.20944395377670405,
    "min": 8.43487652276,
    "max": 9.12077996276
  },
  "sin_4": {
    "median": 0.02826332738,
    "mean": 0.028618365479999998,
    "stddev": 0.0011152081916489546,
    "min": 0.027706888880000002,
    "max": 0.03143654488
  },
  "sin_64": {
    "median": 0.12669378624,
    "mean": 0.12567812894,
    "stddev": 0.003965011997518429,
    "min": 0.11665013274000001,
    "max": 0.13132955674000002
  },
  "summation": {
    "median": 0.7257790997,
    "mean": 0.7275614951,
    "stddev": 0.006349479881373099,
    "min": 0.7216926782,
    "max": 0.7396567802
  }
}
