{
  "asymmetric_convergence_1": {
    "median": 0.0018507564400000005,
    "mean": 0.0018598221400000004,
    "stddev": 3.669737960611839e-05,
    "min": 0.0018150679400000002,
    "max": 0.0019245129400000003
  },
  "asymmetric_convergence_16": {
    "median": 0.00382566036,
    "mean": 0.003862379860000001,
    "stddev": 0.0002532183240402988,
    "min": 0.0035474528600000005,
    "max": 0.00451860886
  },
  "asymmetric_convergence_256": {
    "median": 0.0350604757,
    "mean": 0.0354603925,
    "stddev": 0.0018942120642007675,
    "min": 0.0324144357,
    "max": 0.0390653507
  },
  "asymmetric_convergence_4": {
    "median": 0.0022867166400000003,
    "mean": 0.0022829539400000005,
    "stddev": 6.0516348470291564e-05,
    "min": 0.00220487114,
    "max": 0.00238410414
  },
  "asymmetric_convergence_64": {
    "median": 0.01029070512,
    "mean": 0.010202529319999999,
    "stddev": 0.0003544581577302336,
    "min": 0.00965225212,
    "max": 0.01059782812
  },
  "complex": {
    "median": 0.16563240572000001,
    "mean": 0.16606287102,
    "stddev": 0.0021371600315437857,
    "min": 0.16368684072,
    "max": 0.16936284072000002
  },
  "integer_roots_1": {
    "median": 0.67827928064,
    "mean": 0.6772604973399999,
    "stddev": 0.010610147695492188,
    "min": 0.6577539466400001,
    "max": 0.68898140364
  },
  "integer_roots_16": {
    "median": 1.17939449524,
    "mean": 1.17990212894,
    "stddev": 0.02392360380093823,
    "min": 1.1464650572400001,
    "max": 1.22189805224
  },
  "integer_roots_256": {
    "median": 9.37670201102,
    "mean": 9.37291339422,
    "stddev": 0.13143542464130564,
    "min": 9.211060459019999,
    "max": 9.56455660202
  },
  "integer_roots_4": {
    "median": 0.78088244514,
    "mean": 0.7860147755400002,
    "stddev": 0.01843323916034144,
    "min": 0.7587994651400001,
    "max": 0.8129092751400001
  },
  "integer_roots_64": {
    "median": 2.75900372162,
    "mean": 2.7693170717199997,
    "stddev": 0.03483944905501842,
    "min": 2.72811816062,
    "max": 2.84230991062
  },
  "inv_1": {
    "median": 0.010549204940000001,
    "mean": 0.01065531154,
    "stddev": 0.0004440856480343632,
    "min": 0.01002588244,
    "max": 0.01163254344
  },
  "inv_16": {
    "median": 0.01054201098,
    "mean": 0.01055377888,
    "stddev": 0.0002922757311775609,
    "min": 0.010039757480000001,
    "max": 0.011145854480000002
  },
  "inv_256": {
    "median": 0.012524218960000002,
    "mean": 0.012457791260000002,
    "stddev": 0.00047287885822247256,
    "min": 0.011593609960000001,
    "max": 0.013259090960000003
  },
  "inv_4": {
    "median": 0.010651347380000002,
    "mean": 0.01077130318,
    "stddev": 0.000462145140805606,
    "min": 0.010149789880000001,
    "max": 0.011456924880000002
  },
  "inv_64": {
    "median": 0.012121624479999999,
    "mean": 0.01221092168,
    "stddev": 0.000576360608035706,
    "min": 0.011415238480000001,
    "max": 0.01318889348
  },
  "pi_1": {
    "median": 0.0015256372400000002,
    "mean": 0.00152622824,
    "stddev": 2.015274826722704e-05,
    "min": 0.00149679174,
    "max": 0.00156132374
  },
  "pi_16": {
    "median": 0.0015447618999999998,
    "mean": 0.0015517866,
    "stddev": 2.8918846418517127e-05,
    "min": 0.0015209144,
    "max": 0.0016212114000000001
  },
  "pi_256": {
    "median": 0.15330066862000002,
    "mean": 0.13098346492000004,
    "stddev": 0.0341721727492503,
    "min": 0.07117681212000002,
    "max": 0.16111366312000003
  },
  "pi_4": {
    "median": 0.0015445916400000002,
    "mean": 0.0015536350399999999,
    "stddev": 2.1977240047376335e-05,
    "min": 0.00152860014,
    "max": 0.0015985401400000002
  },
  "pi_64": {
    "median": 0.0060909484400000005,
    "mean": 0.0060829030400000005,
    "stddev": 0.00021674607910599508,
    "min": 0.00579508644,
    "max": 0.00652838144
  },
  "sin_1": {
    "median": 0.026122979320000003,
    "mean": 0.026374614419999998,
    "stddev": 0.0007406931683601742,
    "min": 0.025606038320000003,
    "max": 0.027897853320000002
  },
  "sin_16": {
    "median": 0.03287397762,
    "mean": 0.03258102182,
    "stddev": 0.001187105917431577,
    "min": 0.02994559462,
    "max": 0.03414743762
  },
  "sin_256": {
    "median": 8.71845034078,
    "mean": 8.732706223680001,
    "stddev": 0.17355547069568308,
    "min": 8.53003715328,
    "max": 9.04161935728
  },
  "sin_4": {
    "median": 0.027827950400000002,
    "mean": 0.0280306965,
    "stddev": 0.0010261245542718487,
    "min": 0.026612270900000002,
    "max": 0.029947007900000003
  },
  "sin_64": {
    "median": 0.12455445818000001,
    "mean": 0.12512409508,
    "stddev": 0.0034161528562413382,
    "min": 0.12000820468000001,
    "max": 0.13017300468
  },
  "summation": {
    "median": 0.7243755820000001,
    "mean": 0.7271930319,
    "stddev": 0.008308751867221896,
    "min": 0.7213173850000001,
    "max": 0.74937144
  }
}
