{
  "asymmetric_convergence_1": {
    "median": 0.00184024542,
    "mean": 0.0018451516199999996,
    "stddev": 3.6948593084175805e-05,
    "min": 0.00179485492,
    "max": 0.0019359709200000002
  },
  "asymmetric_convergence_16": {
    "median": 0.0037694425,
    "mean": 0.0037416365999999998,
    "stddev": 0.00016836601861170054,
    "min": 0.0034639580000000005,
    "max": 0.004001719
  },
  "asymmetric_convergence_256": {
    "median": 0.03256552124,
    "mean": 0.032419995539999996,
    "stddev": 0.00268756610775325,
    "min": 0.02705416874,
    "max": 0.03607888174
  },
  "asymmetric_convergence_4": {
    "median": 0.0022585140000000005,
    "mean": 0.0022455781000000003,
    "stddev": 6.401782028675036e-05,
    "min": 0.0021495695,
    "max": 0.0023112635
  },
  "asymmetric_convergence_64": {
    "median": 0.00959411076,
    "mean": 0.009359679460000003,
    "stddev": 0.0007517173650714818,
    "min": 0.00767242676,
    "max": 0.010303117760000001
  },
  "complex": {
    "median": 0.1467018012,
    "mean": 0.1466906218,
    "stddev": 0.0013694344945310813,
    "min": 0.14511678620000001,
    "max": 0.1490231492
  },
  "integer_roots_1": {
    "median": 0.63341881548,
    "mean": 0.6302559396800002,
    "stddev": 0.011156418233854019,
    "min": 0.6043310209800001,
    "max": 0.6420340709800001
  },
  "integer_roots_16": {
    "median": 1.0894193851799998,
    "mean": 1.09120399218,
    "stddev": 0.020256023969480237,
    "min": 1.06238809168,
    "max": 1.12005003268
  },
  "integer_roots_256": {
    "median": 8.57578329072,
    "mean": 8.578249771820001,
    "stddev": 0.10273063762956992,
    "min": 8.430905775220001,
    "max": 8.74409311322
  },
  "integer_roots_4": {
    "median": 0.7254865381200001,
    "mean": 0.7230092901200001,
    "stddev": 0.019324065820729132,
    "min": 0.6940044606200001,
    "max": 0.7493813826200001
  },
  "integer_roots_64": {
    "median": 2.5810656765999997,
    "mean": 2.5771459445,
    "stddev": 0.03352573263232596,
    "min": 2.5316023460999997,
    "max": 2.6261255821
  },
  "inv_1": {
    "median": 0.011005880300000001,
    "mean": 0.011001288100000001,
    "stddev": 0.0007406766019137203,
    "min": 0.009964329800000001,
    "max": 0.012259530800000001
  },
  "inv_16": {
    "median": 0.01066807462,
    "mean": 0.010769351520000001,
    "stddev": 0.0005407724613889941,
    "min": 0.00983756212,
    "max": 0.011788487120000002
  },
  "inv_256": {
    "median": 0.012182408040000002,
    "mean": 0.012335556840000001,
    "stddev": 0.0005047178535108721,
    "min": 0.01169585304,
    "max": 0.013116316040000001
  },
  "inv_4": {
    "median": 0.01074960198,
    "mean": 0.010774577180000001,
    "stddev": 0.00025547488169194054,
    "min": 0.01049895298,
    "max": 0.01137925098
  },
  "inv_64": {
    "median": 0.0125134342,
    "mean": 0.0125516465,
    "stddev": 0.0005333703946103912,
    "min": 0.0116445927,
    "max": 0.0135718357
  },
  "pi_1": {
    "median": 0.00150204084,
    "mean": 0.0015097654400000001,
    "stddev": 2.8681871566277556e-05,
    "min": 0.00147738034,
    "max": 0.0015714143399999999
  },
  "pi_16": {
    "median": 0.00153739554,
    "mean": 0.0015203760399999998,
    "stddev": 3.83784601805926e-05,
    "min": 0.0014577815400000002,
    "max": 0.0015606945399999999
  },
  "pi_256": {
    "median": 0.12996748416,
    "mean": 0.12862003396,
    "stddev": 0.024613957693767907,
    "min": 0.09912647116000001,
    "max": 0.15481315216000002
  },
  "pi_4": {
    "median": 0.0014954152800000003,
    "mean": 0.0015075457800000002,
    "stddev": 3.7048471038327255e-05,
    "min": 0.0014673072800000003,
    "max": 0.00158539928
  },
  "pi_64": {
    "median": 0.00576158416,
    "mean": 0.0057735595600000005,
    "stddev": 0.00014292277173623042,
    "min": 0.00558320966,
    "max": 0.00607444166
  },
  "sin_1": {
    "median": 0.025680073980000002,
    "mean": 0.02581142578,
    "stddev": 0.0007808673571114579,
    "min": 0.02485998948,
    "max": 0.02741799248
  },
  "sin_16": {
    "median": 0.03093845396,
    "mean": 0.031221769760000007,
    "stddev": 0.0011919999469263416,
    "min": 0.029496372960000003,
    "max": 0.03310741096000001
  },
  "sin_256": {
    "median": 8.805757718019999,
    "mean": 8.764125583719999,
    "stddev": 0.18003378615786966,
    "min": 8.50394278502,
    "max": 9.03068007902
  },
  "sin_4": {
    "median": 0.02796861876,
    "mean": 0.027762413360000005,
    "stddev": 0.000931897356361287,
    "min": 0.02649846276,
    "max": 0.02892176376
  },
  "sin_64": {
    "median": 0.11851571438,
    "mean": 0.11771320177999997,
    "stddev": 0.0029976143170725024,
    "min": 0.11020785138,
    "max": 0.12059013838
  },
  "summation": {
    "median": 0.6382173991,
    "mean": 0.6383305687,
    "stddev": 0.002389769591840936,
    "min": 0.6347602446,
    "max": 0.6434516816
  }
}
