{
  "asymmetric_convergence_1": {
    "median": 0.00186603288,
    "mean": 0.0018611978799999997,
    "stddev": 4.095268929440954e-05,
    "min": 0.0017912548799999999,
    "max": 0.00191672788
  },
  "asymmetric_convergence_16": {
    "median": 0.00371900436,
    "mean": 0.00371888206,
    "stddev": 0.00017562035940127594,
    "min": 0.0034114843600000005,
    "max": 0.0039799753600000005
  },
  "asymmetric_convergence_256": {
    "median": 0.028524710520000003,
    "mean": 0.028641610220000002,
    "stddev": 0.0028687343543578802,
    "min": 0.02467731852,
    "max": 0.03449605052
  },
  "asymmetric_convergence_4": {
    "median": 0.0022313755000000005,
    "mean": 0.0022355536,
    "stddev": 4.815595132818177e-05,
    "min": 0.0021691445,
    "max": 0.0023225825
  },
  "asymmetric_convergence_64": {
    "median": 0.008730859799999999,
    "mean": 0.0089420295,
    "stddev": 0.000727160627482608,
    "min": 0.008054547799999999,
    "max": 0.0101515528
  },
  "complex": {
    "median": 0.14731217880000003,
    "mean": 0.14775974220000002,
    "stddev": 0.0021711261173326737,
    "min": 0.14579374280000001,
    "max": 0.15253361880000002
  },
  "integer_roots_1": {
    "median": 0.6588160081000001,
    "mean": 0.6590687599,
    "stddev": 0.0056688805974767515,
    "min": 0.6499561611,
    "max": 0.6681550071000001
  },
  "integer_roots_16": {
    "median": 1.10876054206,
    "mean": 1.1123565924599998,
    "stddev": 0.020769792200836495,
    "min": 1.08851208856,
    "max": 1.1624084775599999
  },
  "integer_roots_256": {
    "median": 8.387356650080001,
    "mean": 8.40169736888,
    "stddev": 0.0758718458404311,
    "min": 8.279926643580001,
    "max": 8.50166531258
  },
  "integer_roots_4": {
    "median": 0.75436355684,
    "mean": 0.7531964621400001,
    "stddev": 0.007138475819611379,
    "min": 0.7377471378400001,
    "max": 0.7634961618400001
  },
  "integer_roots_64": {
    "median": 2.58935542768,
    "mean": 2.58231256518,
    "stddev": 0.030583032298459833,
    "min": 2.53745958568,
    "max": 2.6227295396800003
  },
  "inv_1": {
    "median": 0.010282159700000001,
    "mean": 0.0102250787,
    "stddev": 0.0005522202331979212,
    "min": 0.009113019200000001,
    "max": 0.0108786842
  },
  "inv_16": {
    "median": 0.01185011388,
    "mean": 0.01193108338,
    "stddev": 0.0003993817503976894,
    "min": 0.011221360880000001,
    "max": 0.01252188788
  },
  "inv_256": {
    "median": 0.0123504536,
    "mean": 0.0121158073,
    "stddev": 0.0005547615703552894,
    "min": 0.0110855951,
    "max": 0.0127541711
  },
  "inv_4": {
    "median": 0.01031743288,
    "mean": 0.01030716658,
    "stddev": 0.00017183761767698027,
    "min": 0.010030982879999999,
    "max": 0.010642797879999999
  },
  "inv_64": {
    "median": 0.011837141419999999,
    "mean": 0.01187765092,
    "stddev": 0.0004029024111370589,
    "min": 0.01130679242,
    "max": 0.01235482042
  },
  "pi_1": {
    "median": 0.00151141242,
    "mean": 0.0015130983199999999,
    "stddev": 2.4742121822241996e-05,
    "min": 0.00148254492,
    "max": 0.0015544999199999998
  },
  "pi_16": {
    "median": 0.00147073928,
    "mean": 0.0014804765799999997,
    "stddev": 3.198063427920093e-05,
    "min": 0.00145723628,
    "max": 0.00156808128
  },
  "pi_256": {
    "median": 0.09960634360000001,
    "mean": 0.1111359032,
    "stddev": 0.030972520306701154,
    "min": 0.0734873721,
    "max": 0.1543760181
  },
  "pi_4": {
    "median": 0.0015159132,
    "mean": 0.0015174876,
    "stddev": 2.8342055996345806e-05,
    "min": 0.0014866017000000002,
    "max": 0.0015666857
  },
  "pi_64": {
    "median": 0.0058256845800000005,
    "mean": 0.00582180578,
    "stddev": 8.656204952877563e-05,
    "min": 0.005706471580000001,
    "max": 0.00596773558
  },
  "sin_1": {
    "median": 0.0250876282,
    "mean": 0.0255327419,
    "stddev": 0.0013073452607083862,
    "min": 0.0236836612,
    "max": 0.0274219682
  },
  "sin_16": {
    "median": 0.0305146898,
    "mean": 0.030702477900000004,
    "stddev": 0.0009017659058872811,
    "min": 0.0295919333,
    "max": 0.0326258713
  },
  "sin_256": {
    "median": 8.609324237700001,
    "mean": 8.6690290649,
    "stddev": 0.1909611280341203,
    "min": 8.4176504512,
    "max": 8.9850092622
  },
  "sin_4": {
    "median": 0.026807523220000004,
    "mean": 0.026886204820000002,
    "stddev": 0.001002258266566552,
    "min": 0.025561962720000005,
    "max": 0.028809945720000004
  },
  "sin_64": {
    "median": 0.11598709194000001,
    "mean": 0.11633474524000002,
    "stddev": 0.002425000312133536,
    "min": 0.11205808944000001,
    "max": 0.11923094344000001
  },
  "summation": {
    "median": 0.6387120325000001,
    "mean": 0.6381572325,
    "stddev": 0.004970248674106322,
    "min": 0.631282295,
    "max": 0.6438504100000001
  }
}
