{
  "asymmetric_convergence_1": {
    "median": 0.0011152722,
    "mean": 0.0011150786,
    "stddev": 2.6616238732523158e-05,
    "min": 0.0010763991999999999,
    "max": 0.0011703841999999999
  },
  "asymmetric_convergence_16": {
    "median": 0.0015891421599999998,
    "mean": 0.0016060587599999996,
    "stddev": 5.3562549237005804e-05,
    "min": 0.0015432756599999997,
    "max": 0.00169824566
  },
  "asymmetric_convergence_256": {
    "median": 0.0019960924,
    "mean": 0.0020090547,
    "stddev": 4.139000238866063e-05,
    "min": 0.0019530039,
    "max": 0.0020674769
  },
  "asymmetric_convergence_4": {
    "median": 0.0011260212,
    "mean": 0.0011273271,
    "stddev": 3.684637681328607e-05,
    "min": 0.0010809526999999998,
    "max": 0.0011826826999999998
  },
  "asymmetric_convergence_64": {
    "median": 0.00170621482,
    "mean": 0.00171271692,
    "stddev": 4.273817713369524e-05,
    "min": 0.0016560303199999998,
    "max": 0.0017794913199999998
  },
  "complex": {
    "median": 0.04233009158000001,
    "mean": 0.04255721238000001,
    "stddev": 0.0017292648958069522,
    "min": 0.04062153008,
    "max": 0.04496512908
  },
  "integer_roots_1": {
    "median": 0.05858486178,
    "mean": 0.059003308379999994,
    "stddev": 0.0013899076457319992,
    "min": 0.05797574478,
    "max": 0.06272715378
  },
  "integer_roots_16": {
    "median": 0.06477498768,
    "mean": 0.06487397418000002,
    "stddev": 0.0005937269777892208,
    "min": 0.06400966868,
    "max": 0.06574833468
  },
  "integer_roots_256": {
    "median": 0.09706611804000001,
    "mean": 0.09763944514,
    "stddev": 0.0016474434035838128,
    "min": 0.09600314954,
    "max": 0.10094755654
  },
  "integer_roots_4": {
    "median": 0.059888377140000004,
    "mean": 0.05991833774000001,
    "stddev": 0.0006007137873143908,
    "min": 0.059323763140000006,
    "max": 0.061113264140000005
  },
  "integer_roots_64": {
    "median": 0.0698347263,
    "mean": 0.0702500865,
    "stddev": 0.0010814178355059883,
    "min": 0.0693533938,
    "max": 0.0730382698
  },
  "inv_1": {
    "median": 0.00180194736,
    "mean": 0.0018117155599999997,
    "stddev": 3.861522764632854e-05,
    "min": 0.00177472136,
    "max": 0.0018878943599999998
  },
  "inv_16": {
    "median": 0.0021642540400000003,
    "mean": 0.0021731969400000006,
    "stddev": 3.255786177186022e-05,
    "min": 0.0021322795400000004,
    "max": 0.0022214355400000003
  },
  "inv_256": {
    "median": 0.0022957770400000004,
    "mean": 0.00229343784,
    "stddev": 3.0345592050576308e-05,
    "min": 0.00224739654,
    "max": 0.00233435854
  },
  "inv_4": {
    "median": 0.00184222346,
    "mean": 0.0018508973599999999,
    "stddev": 6.629117536746495e-05,
    "min": 0.00173674696,
    "max": 0.00195798096
  },
  "inv_64": {
    "median": 0.00222525958,
    "mean": 0.0022293300800000004,
    "stddev": 3.584921749029769e-05,
    "min": 0.00218971808,
    "max": 0.00229560608
  },
  "pi_1": {
    "median": 0.0012759220600000003,
    "mean": 0.0012803314600000006,
    "stddev": 3.529517118514786e-05,
    "min": 0.0012398945600000004,
    "max": 0.0013507605600000005
  },
  "pi_16": {
    "median": 0.0013100008800000004,
    "mean": 0.0013007447800000003,
    "stddev": 2.8935000559491547e-05,
    "min": 0.0012599973800000001,
    "max": 0.00134111938
  },
  "pi_256": {
    "median": 0.009196361480000002,
    "mean": 0.00831107428,
    "stddev": 0.0018489370452461512,
    "min": 0.00562013498,
    "max": 0.01045157598
  },
  "pi_4": {
    "median": 0.0013151404000000002,
    "mean": 0.0013236732000000003,
    "stddev": 4.871796385044577e-05,
    "min": 0.0012681144000000002,
    "max": 0.0014333904000000005
  },
  "pi_64": {
    "median": 0.00348482012,
    "mean": 0.0034875631200000008,
    "stddev": 0.00016746196885147123,
    "min": 0.00320661162,
    "max": 0.00372365462
  },
  "sin_1": {
    "median": 0.00443908038,
    "mean": 0.00443433598,
    "stddev": 4.7903038797600744e-05,
    "min": 0.0043492973800000004,
    "max": 0.004498645380000001
  },
  "sin_16": {
    "median": 0.00472354696,
    "mean": 0.00473519446,
    "stddev": 5.6820221850734325e-05,
    "min": 0.0046565669600000005,
    "max": 0.00483534896
  },
  "sin_256": {
    "median": 0.12427728430000001,
    "mean": 0.1239791732,
    "stddev": 0.0032338572988072204,
    "min": 0.11775075880000001,
    "max": 0.12895474780000002
  },
  "sin_4": {
    "median": 0.00440334114,
    "mean": 0.004387868939999999,
    "stddev": 5.189975674969767e-05,
    "min": 0.00430002364,
    "max": 0.00445353164
  },
  "sin_64": {
    "median": 0.00957512412,
    "mean": 0.009414837419999999,
    "stddev": 0.00043334252559149006,
    "min": 0.00858465512,
    "max": 0.00990307312
  },
  "summation": {
    "median": 0.19604330414,
    "mean": 0.19706879444000003,
    "stddev": 0.0035676140760678983,
    "min": 0.19348040914,
    "max": 0.20566656314
  }
}
