{
  "asymmetric_convergence_1": {
    "median": 0.00102668074,
    "mean": 0.0010242487399999998,
    "stddev": 2.3483945704104584e-05,
    "min": 0.00098600924,
    "max": 0.00105797424
  },
  "asymmetric_convergence_16": {
    "median": 0.0014757667000000003,
    "mean": 0.0014762201000000003,
    "stddev": 3.120926130422756e-05,
    "min": 0.0014140947,
    "max": 0.0015243127000000001
  },
  "asymmetric_convergence_256": {
    "median": 0.0018167034200000003,
    "mean": 0.0018166626200000005,
    "stddev": 3.3193674430194945e-05,
    "min": 0.0017566004200000001,
    "max": 0.0018718074200000001
  },
  "asymmetric_convergence_4": {
    "median": 0.00102859342,
    "mean": 0.0010427981200000001,
    "stddev": 5.920000444266126e-05,
    "min": 0.00100551542,
    "max": 0.0012055224200000002
  },
  "asymmetric_convergence_64": {
    "median": 0.00156464512,
    "mean": 0.0015733109199999999,
    "stddev": 6.540208992719153e-05,
    "min": 0.0014993461199999999,
    "max": 0.0016787951199999998
  },
  "complex": {
    "median": 0.03547699262,
    "mean": 0.03558759082,
    "stddev": 0.00030633741134021184,
    "min": 0.03525436262,
    "max": 0.03607744362
  },
  "integer_roots_1": {
    "median": 0.05738474794000001,
    "mean": 0.05743550004,
    "stddev": 0.00043053562949925807,
    "min": 0.056873320940000006,
    "max": 0.058198561940000004
  },
  "integer_roots_16": {
    "median": 0.06306038656000001,
    "mean": 0.06339848646000001,
    "stddev": 0.0010919920527753353,
    "min": 0.06253182806,
    "max": 0.06629727606000001
  },
  "integer_roots_256": {
    "median": 0.09481136708,
    "mean": 0.09466529618,
    "stddev": 0.0008373096899952121,
    "min": 0.09325377608,
    "max": 0.09587355908
  },
  "integer_roots_4": {
    "median": 0.058939618480000004,
    "mean": 0.05894116708,
    "stddev": 0.0003233764819653211,
    "min": 0.058367783480000004,
    "max": 0.05949779748000001
  },
  "integer_roots_64": {
    "median": 0.06866974496,
    "mean": 0.06893744176000001,
    "stddev": 0.0006108428932287038,
    "min": 0.06831383646,
    "max": 0.07005269246000001
  },
  "inv_1": {
    "median": 0.0026793897400000004,
    "mean": 0.0027319322400000006,
    "stddev": 0.0007594991441743405,
    "min": 0.0016293252400000004,
    "max": 0.0038655092400000004
  },
  "inv_16": {
    "median": 0.00206994498,
    "mean": 0.00207695488,
    "stddev": 4.7583371180837255e-05,
    "min": 0.00200016848,
    "max": 0.00217750148
  },
  "inv_256": {
    "median": 0.0021435433400000007,
    "mean": 0.00213919084,
    "stddev": 3.077889050505594e-05,
    "min": 0.0021007773400000002,
    "max": 0.0021775913400000004
  },
  "inv_4": {
    "median": 0.0016652250200000001,
    "mean": 0.0016805308200000002,
    "stddev": 5.1249522119831545e-05,
    "min": 0.00163771002,
    "max": 0.00181418302
  },
  "inv_64": {
    "median": 0.0020992001600000005,
    "mean": 0.0021048164600000006,
    "stddev": 3.814056574785782e-05,
    "min": 0.0020564751600000005,
    "max": 0.0021979401600000005
  },
  "pi_1": {
    "median": 0.0011543925399999998,
    "mean": 0.0011651219399999998,
    "stddev": 5.58306892835632e-05,
    "min": 0.00109097304,
    "max": 0.00130544304
  },
  "pi_16": {
    "median": 0.0011523069,
    "mean": 0.0011458158,
    "stddev": 3.51761119367802e-05,
    "min": 0.0010923989,
    "max": 0.0012038059
  },
  "pi_256": {
    "median": 0.00780685756,
    "mean": 0.00801176646,
    "stddev": 0.0016613945889747393,
    "min": 0.005838578560000001,
    "max": 0.01080669056
  },
  "pi_4": {
    "median": 0.0011460909800000002,
    "mean": 0.0011386754799999998,
    "stddev": 2.8902157548260034e-05,
    "min": 0.0010990219800000001,
    "max": 0.00118089498
  },
  "pi_64": {
    "median": 0.00356505724,
    "mean": 0.00351505334,
    "stddev": 0.00012649949722644925,
    "min": 0.0033481692399999997,
    "max": 0.00365110324
  },
  "sin_1": {
    "median": 0.00389288742,
    "mean": 0.00391222632,
    "stddev": 3.7363892598336174e-05,
    "min": 0.00387982242,
    "max": 0.00398493942
  },
  "sin_16": {
    "median": 0.00414287962,
    "mean": 0.004186777920000001,
    "stddev": 0.0001113384090909333,
    "min": 0.004098286620000001,
    "max": 0.0043967656200000005
  },
  "sin_256": {
    "median": 0.11003319838,
    "mean": 0.11341136448,
    "stddev": 0.007506145305984117,
    "min": 0.10519285088000001,
    "max": 0.12319018288000001
  },
  "sin_4": {
    "median": 0.00385909076,
    "mean": 0.003850312160000001,
    "stddev": 2.9338807271257575e-05,
    "min": 0.00379886826,
    "max": 0.00389353526
  },
  "sin_64": {
    "median": 0.007955052760000001,
    "mean": 0.00796605526,
    "stddev": 5.969831739532805e-05,
    "min": 0.00789945376,
    "max": 0.00809459976
  },
  "summation": {
    "median": 0.18355835162,
    "mean": 0.18406056942000001,
    "stddev": 0.0016315704085079152,
    "min": 0.18218797512,
    "max": 0.18755751312000002
  }
}
