{
  "asymmetric_convergence_1": {
    "median": 0.0010589983,
    "mean": 0.0010673507999999997,
    "stddev": 3.282555408350161e-05,
    "min": 0.0010244287999999998,
    "max": 0.0011298947999999998
  },
  "asymmetric_convergence_16": {
    "median": 0.00156549062,
    "mean": 0.00157674062,
    "stddev": 5.8866353161207494e-05,
    "min": 0.0015191741199999998,
    "max": 0.00171702512
  },
  "asymmetric_convergence_256": {
    "median": 0.00201880164,
    "mean": 0.0020073049400000003,
    "stddev": 4.759161275792196e-05,
    "min": 0.0019199866400000003,
    "max": 0.0020650966400000003
  },
  "asymmetric_convergence_4": {
    "median": 0.0010771618199999998,
    "mean": 0.00107880082,
    "stddev": 4.069099549654692e-05,
    "min": 0.00103181232,
    "max": 0.00113989332
  },
  "asymmetric_convergence_64": {
    "median": 0.00171541164,
    "mean": 0.0017170673400000002,
    "stddev": 6.765624754604049e-05,
    "min": 0.0016016986400000002,
    "max": 0.00183861464
  },
  "complex": {
    "median": 0.043061766380000005,
    "mean": 0.04284717838000001,
    "stddev": 0.001068086210390783,
    "min": 0.04088127088000001,
    "max": 0.04449499188000001
  },
  "integer_roots_1": {
    "median": 0.057740178180000004,
    "mean": 0.05777864417999999,
    "stddev": 0.00025589532884017776,
    "min": 0.05751125318,
    "max": 0.05829109418
  },
  "integer_roots_16": {
    "median": 0.06394850848,
    "mean": 0.06414386528,
    "stddev": 0.0008164868157980361,
    "min": 0.06332610098,
    "max": 0.06581392798
  },
  "integer_roots_256": {
    "median": 0.10055524424000001,
    "mean": 0.09993690104,
    "stddev": 0.0042048102380231114,
    "min": 0.09478441224,
    "max": 0.10765089724000002
  },
  "integer_roots_4": {
    "median": 0.0597091729,
    "mean": 0.0598016784,
    "stddev": 0.0005331082768598707,
    "min": 0.0592662289,
    "max": 0.061092356900000006
  },
  "integer_roots_64": {
    "median": 0.06908688904000002,
    "mean": 0.06922825584,
    "stddev": 0.0006024792114619304,
    "min": 0.06854490554,
    "max": 0.07071449054000001
  },
  "inv_1": {
    "median": 0.00178786538,
    "mean": 0.00178333868,
    "stddev": 5.715005206773169e-05,
    "min": 0.0016863773800000002,
    "max": 0.0019080493800000002
  },
  "inv_16": {
    "median": 0.0021350120200000003,
    "mean": 0.00214600962,
    "stddev": 4.713995753415803e-05,
    "min": 0.00209959652,
    "max": 0.00222716352
  },
  "inv_256": {
    "median": 0.00221922576,
    "mean": 0.0022305566600000003,
    "stddev": 3.9344724171100874e-05,
    "min": 0.00218325876,
    "max": 0.0023050647600000003
  },
  "inv_4": {
    "median": 0.0017499654400000002,
    "mean": 0.0017508963399999998,
    "stddev": 6.539059293447511e-05,
    "min": 0.00167793644,
    "max": 0.0018663264400000002
  },
  "inv_64": {
    "median": 0.0022484476400000007,
    "mean": 0.002228633940000001,
    "stddev": 5.2594826787854744e-05,
    "min": 0.0021546931400000004,
    "max": 0.0022840141400000003
  },
  "pi_1": {
    "median": 0.0011829200400000003,
    "mean": 0.0011765875400000006,
    "stddev": 3.69373151553939e-05,
    "min": 0.0011244415400000003,
    "max": 0.0012268725400000004
  },
  "pi_16": {
    "median": 0.0011635018800000001,
    "mean": 0.0011682496800000002,
    "stddev": 3.306080579124874e-05,
    "min": 0.0011295233800000001,
    "max": 0.0012462813800000001
  },
  "pi_256": {
    "median": 0.00888702848,
    "mean": 0.008778995380000001,
    "stddev": 0.0007219437052273379,
    "min": 0.0075641479800000015,
    "max": 0.01008256098
  },
  "pi_4": {
    "median": 0.0011755139599999998,
    "mean": 0.0011752801599999997,
    "stddev": 2.6972135744546058e-05,
    "min": 0.00112624296,
    "max": 0.00121817396
  },
  "pi_64": {
    "median": 0.00358801336,
    "mean": 0.0035945806600000004,
    "stddev": 0.0001589578538586391,
    "min": 0.0033986573599999997,
    "max": 0.0038647473600000003
  },
  "sin_1": {
    "median": 0.0042482413,
    "mean": 0.004223545,
    "stddev": 8.488778327729696e-05,
    "min": 0.0040755198,
    "max": 0.0043319368
  },
  "sin_16": {
    "median": 0.0044557488,
    "mean": 0.0044639399,
    "stddev": 7.917721510559577e-05,
    "min": 0.0043373138,
    "max": 0.0045992708
  },
  "sin_256": {
    "median": 0.1229513618,
    "mean": 0.11908580040000001,
    "stddev": 0.0071046053688075435,
    "min": 0.1079867738,
    "max": 0.1271174938
  },
  "sin_4": {
    "median": 0.004221455319999999,
    "mean": 0.00420101302,
    "stddev": 6.516318261624245e-05,
    "min": 0.00408697532,
    "max": 0.00427657732
  },
  "sin_64": {
    "median": 0.00820733546,
    "mean": 0.00820329706,
    "stddev": 0.00013703510835078405,
    "min": 0.007984100459999999,
    "max": 0.00842693346
  },
  "summation": {
    "median": 0.18535639928,
    "mean": 0.18553453858,
    "stddev": 0.0021351902398656576,
    "min": 0.18296500228,
    "max": 0.18877826228
  }
}
