{
  "asymmetric_convergence_1": {
    "median": 0.00191036354,
    "mean": 0.0019242946399999998,
    "stddev": 4.6521988803861995e-05,
    "min": 0.00188523704,
    "max": 0.00202054904
  },
  "asymmetric_convergence_16": {
    "median": 0.00401947822,
    "mean": 0.00399577912,
    "stddev": 0.00010463684714759364,
    "min": 0.0037630202200000006,
    "max": 0.00409662222
  },
  "asymmetric_convergence_256": {
    "median": 0.03636183784000001,
    "mean": 0.035689424940000006,
    "stddev": 0.002379446631019453,
    "min": 0.030431932340000002,
    "max": 0.03804865234
  },
  "asymmetric_convergence_4": {
    "median": 0.0024102923800000003,
    "mean": 0.0023999124800000004,
    "stddev": 5.3070114923980094e-05,
    "min": 0.00229852788,
    "max": 0.0024679138800000004
  },
  "asymmetric_convergence_64": {
    "median": 0.01032883794,
    "mean": 0.010467669840000002,
    "stddev": 0.0004254930570127371,
    "min": 0.009992806440000002,
    "max": 0.011233711440000002
  },
  "complex": {
    "median": 0.16841827868000003,
    "mean": 0.16899432688000002,
    "stddev": 0.001974538427075106,
    "min": 0.16700560418000002,
    "max": 0.17299146618000003
  },
  "integer_roots_1": {
    "median": 0.7200107659800001,
    "mean": 0.7191648742800001,
    "stddev": 0.008093484153537535,
    "min": 0.7095524984800001,
    "max": 0.7359427824800001
  },
  "integer_roots_16": {
    "median": 1.26084727536,
    "mean": 1.2611542521599999,
    "stddev": 0.011985775649822355,
    "min": 1.24287613936,
    "max": 1.28057225836
  },
  "integer_roots_256": {
    "median": 10.1416488222,
    "mean": 10.145038434499998,
    "stddev": 0.08425572637931428,
    "min": 10.037434382699999,
    "max": 10.3426491697
  },
  "integer_roots_4": {
    "median": 0.82726379936,
    "mean": 0.8325520052599998,
    "stddev": 0.011670185881228696,
    "min": 0.81869373036,
    "max": 0.85249784236
  },
  "integer_roots_64": {
    "median": 2.97729916682,
    "mean": 2.9701248060200003,
    "stddev": 0.027336488605680238,
    "min": 2.93611581082,
    "max": 3.02541973282
  },
  "inv_1": {
    "median": 0.011370624020000001,
    "mean": 0.011462934919999999,
    "stddev": 0.000522771001846719,
    "min": 0.010834033520000001,
    "max": 0.012624204520000001
  },
  "inv_16": {
    "median": 0.01111601792,
    "mean": 0.010972178320000001,
    "stddev": 0.0007073821174434021,
    "min": 0.00946698192,
    "max": 0.011795073920000001
  },
  "inv_256": {
    "median": 0.013202646920000002,
    "mean": 0.013322775820000002,
    "stddev": 0.0005171459325879559,
    "min": 0.012353503420000002,
    "max": 0.01404482842
  },
  "inv_4": {
    "median": 0.011484164940000001,
    "mean": 0.011815500440000001,
    "stddev": 0.0008581193908330069,
    "min": 0.01093202494,
    "max": 0.01338566394
  },
  "inv_64": {
    "median": 0.013307764380000002,
    "mean": 0.013338687480000003,
    "stddev": 0.0005114863987242263,
    "min": 0.012282716380000001,
    "max": 0.014002844380000002
  },
  "pi_1": {
    "median": 0.0015676966,
    "mean": 0.0015664172000000001,
    "stddev": 3.5255629048422964e-05,
    "min": 0.0015205236,
    "max": 0.0016294866
  },
  "pi_16": {
    "median": 0.00160473156,
    "mean": 0.0015985618600000001,
    "stddev": 3.4250833498536106e-05,
    "min": 0.00154460956,
    "max": 0.00164165056
  },
  "pi_256": {
    "median": 0.10473622934000001,
    "mean": 0.12459483694000002,
    "stddev": 0.03642173642340054,
    "min": 0.07317467984,
    "max": 0.17012737284
  },
  "pi_4": {
    "median": 0.0015901286400000002,
    "mean": 0.0015994322400000004,
    "stddev": 3.328472377399437e-05,
    "min": 0.0015569966400000002,
    "max": 0.00165327664
  },
  "pi_64": {
    "median": 0.006438172440000001,
    "mean": 0.00656592064,
    "stddev": 0.00032076643910174135,
    "min": 0.00621613694,
    "max": 0.00724773294
  },
  "sin_1": {
    "median": 0.02810464722,
    "mean": 0.02811261382,
    "stddev": 0.0009131840508978826,
    "min": 0.02644096922,
    "max": 0.02931528022
  },
  "sin_16": {
    "median": 0.03334166224,
    "mean": 0.03354757493999999,
    "stddev": 0.0010691212221267464,
    "min": 0.03186380624,
    "max": 0.03504128124
  },
  "sin_256": {
    "median": 8.75527962154,
    "mean": 8.76582797124,
    "stddev": 0.15498829249325236,
    "min": 8.54410699954,
    "max": 8.97247914554
  },
  "sin_4": {
    "median": 0.028782040760000002,
    "mean": 0.02862233446,
    "stddev": 0.0007923008917012666,
    "min": 0.02738633926,
    "max": 0.03018255526
  },
  "sin_64": {
    "median": 0.12391924852000001,
    "mean": 0.12420185132000001,
    "stddev": 0.005000269961679988,
    "min": 0.11764579702000001,
    "max": 0.13174559502000002
  },
  "summation": {
    "median": 0.72907616474,
    "mean": 0.7308240547400001,
    "stddev": 0.0061792414151908654,
    "min": 0.7220804497400001,
    "max": 0.7398655927400001
  }
}
