{
  "asymmetric_convergence_1": {
    "median": 0.00211747708,
    "mean": 0.00226034748,
    "stddev": 0.0004885740780219401,
    "min": 0.0017955365800000002,
    "max": 0.00298298958
  },
  "asymmetric_convergence_16": {
    "median": 0.0041112369200000005,
    "mean": 0.0041104611200000005,
    "stddev": 0.00019048363474342538,
    "min": 0.0038002149200000003,
    "max": 0.00437376792
  },
  "asymmetric_convergence_256": {
    "median": 0.035133049720000004,
    "mean": 0.03422367952,
    "stddev": 0.002852565308904554,
    "min": 0.029690052720000002,
    "max": 0.03880620172
  },
  "asymmetric_convergence_4": {
    "median": 0.0028878062,
    "mean": 0.0028737204000000008,
    "stddev": 9.186389761797963e-05,
    "min": 0.0027232577000000004,
    "max": 0.0030375257
  },
  "asymmetric_convergence_64": {
    "median": 0.01022336836,
    "mean": 0.010496949859999999,
    "stddev": 0.0009504939828908848,
    "min": 0.009269564860000001,
    "max": 0.012075250860000001
  },
  "complex": {
    "median": 0.15482691472000001,
    "mean": 0.15555415812,
    "stddev": 0.0029000718314812746,
    "min": 0.15237562072000002,
    "max": 0.16276796172000002
  },
  "integer_roots_1": {
    "median": 0.6337069184399999,
    "mean": 0.6353553351400001,
    "stddev": 0.010017552559939205,
    "min": 0.62073666394,
    "max": 0.65100323094
  },
  "integer_roots_16": {
    "median": 1.0826844339,
    "mean": 1.0840574480999998,
    "stddev": 0.007256186732648279,
    "min": 1.0717943334,
    "max": 1.0962047534
  },
  "integer_roots_256": {
    "median": 8.55801652348,
    "mean": 8.556975808779999,
    "stddev": 0.10832512613794185,
    "min": 8.41867669848,
    "max": 8.799809271480001
  },
  "integer_roots_4": {
    "median": 0.7183127035600001,
    "mean": 0.72004112616,
    "stddev": 0.008475740362900136,
    "min": 0.70780087406,
    "max": 0.73516879406
  },
  "integer_roots_64": {
    "median": 2.55249852464,
    "mean": 2.56339215684,
    "stddev": 0.03380614065116703,
    "min": 2.5365392786400003,
    "max": 2.65131000064
  },
  "inv_1": {
    "median": 0.01077041304,
    "mean": 0.010714163839999999,
    "stddev": 0.0005091279270499487,
    "min": 0.00986934804,
    "max": 0.011393209040000001
  },
  "inv_16": {
    "median": 0.010884074300000001,
    "mean": 0.0109365609,
    "stddev": 0.0004981512610336676,
    "min": 0.0101274638,
    "max": 0.011652554800000001
  },
  "inv_256": {
    "median": 0.012539202919999999,
    "mean": 0.01269676412,
    "stddev": 0.0006798784881381869,
    "min": 0.01179319292,
    "max": 0.01403299992
  },
  "inv_4": {
    "median": 0.01053482902,
    "mean": 0.010494168120000001,
    "stddev": 0.0004043241521934956,
    "min": 0.00985902102,
    "max": 0.011057434020000001
  },
  "inv_64": {
    "median": 0.012696248700000003,
    "mean": 0.012788487900000001,
    "stddev": 0.0008768908640114099,
    "min": 0.011769207200000001,
    "max": 0.0149715792
  },
  "pi_1": {
    "median": 0.0016756343600000004,
    "mean": 0.0017567201600000005,
    "stddev": 0.00022051712851892786,
    "min": 0.0016045768600000004,
    "max": 0.0023329178600000004
  },
  "pi_16": {
    "median": 0.0017954361,
    "mean": 0.0018661218999999995,
    "stddev": 0.0002740484543194871,
    "min": 0.0016806306,
    "max": 0.0026139676
  },
  "pi_256": {
    "median": 0.10879457182,
    "mean": 0.11931773471999998,
    "stddev": 0.028813380322907586,
    "min": 0.07414062382000002,
    "max": 0.16133216682
  },
  "pi_4": {
    "median": 0.0018542052800000004,
    "mean": 0.0020089961800000005,
    "stddev": 0.0005149310452394895,
    "min": 0.0016112312800000005,
    "max": 0.0032874252800000003
  },
  "pi_64": {
    "median": 0.0068985628400000006,
    "mean": 0.006877704040000002,
    "stddev": 0.00027506930940403214,
    "min": 0.00651107834,
    "max": 0.007379967340000001
  },
  "sin_1": {
    "median": 0.0265028747,
    "mean": 0.026501306800000003,
    "stddev": 0.0006700965022295838,
    "min": 0.025496919700000002,
    "max": 0.027959074700000003
  },
  "sin_16": {
    "median": 0.031158018800000003,
    "mean": 0.0314711086,
    "stddev": 0.0011283872235441012,
    "min": 0.029945820300000002,
    "max": 0.0330372913
  },
  "sin_256": {
    "median": 8.68762772724,
    "mean": 8.686480468540001,
    "stddev": 0.20085344649405126,
    "min": 8.37857359324,
    "max": 9.12908053824
  },
  "sin_4": {
    "median": 0.02737127252,
    "mean": 0.02772979742,
    "stddev": 0.001185470099152554,
    "min": 0.026324967520000003,
    "max": 0.02987127652
  },
  "sin_64": {
    "median": 0.12019600706000003,
    "mean": 0.11858489396000002,
    "stddev": 0.0035111792675893323,
    "min": 0.11220677156000002,
    "max": 0.12192778056000002
  },
  "summation": {
    "median": 0.6468068844400001,
    "mean": 0.64785241584,
    "stddev": 0.006627118650221035,
    "min": 0.64018285994,
    "max": 0.66317847094
  }
}
