{
  "asymmetric_convergence_1": {
    "median": 0.0018568971,
    "mean": 0.0018700469999999997,
    "stddev": 3.256131153924176e-05,
    "min": 0.0018329986,
    "max": 0.0019336456
  },
  "asymmetric_convergence_16": {
    "median": 0.0037317261200000007,
    "mean": 0.0037022166200000005,
    "stddev": 0.00020553562972890015,
    "min": 0.0032732501200000005,
    "max": 0.00396901912
  },
  "asymmetric_convergence_256": {
    "median": 0.02843066408,
    "mean": 0.02843649218,
    "stddev": 0.0016595891842573045,
    "min": 0.02529590858,
    "max": 0.03151698958
  },
  "asymmetric_convergence_4": {
    "median": 0.002251505,
    "mean": 0.0022567426,
    "stddev": 3.640643566184427e-05,
    "min": 0.002193562,
    "max": 0.002318936
  },
  "asymmetric_convergence_64": {
    "median": 0.009208862200000001,
    "mean": 0.009226033100000001,
    "stddev": 0.00044495268251359553,
    "min": 0.0085862047,
    "max": 0.0099270277
  },
  "complex": {
    "median": 0.14360998364,
    "mean": 0.14358644094,
    "stddev": 0.0015190162865908441,
    "min": 0.14131337264000002,
    "max": 0.14523804164
  },
  "integer_roots_1": {
    "median": 0.61020160406,
    "mean": 0.61005200256,
    "stddev": 0.011671741334975486,
    "min": 0.59087169906,
    "max": 0.62614148106
  },
  "integer_roots_16": {
    "median": 1.0513126962600001,
    "mean": 1.04822592446,
    "stddev": 0.013879778116681755,
    "min": 1.02273927626,
    "max": 1.07295823026
  },
  "integer_roots_256": {
    "median": 8.204196974440002,
    "mean": 8.19248348914,
    "stddev": 0.05122535120480386,
    "min": 8.107495508440001,
    "max": 8.27319619444
  },
  "integer_roots_4": {
    "median": 0.69047450446,
    "mean": 0.6908553120600001,
    "stddev": 0.005975606791201451,
    "min": 0.6816209294600001,
    "max": 0.70225564646
  },
  "integer_roots_64": {
    "median": 2.4693251022,
    "mean": 2.4697750289,
    "stddev": 0.021902838729481965,
    "min": 2.4309034876999998,
    "max": 2.4973285667
  },
  "inv_1": {
    "median": 0.01076502166,
    "mean": 0.01095867036,
    "stddev": 0.0006626260666886635,
    "min": 0.01031375416,
    "max": 0.012226242160000001
  },
  "inv_16": {
    "median": 0.012076225040000001,
    "mean": 0.012054019640000002,
    "stddev": 0.000576691252071187,
    "min": 0.01129601354,
    "max": 0.01328981454
  },
  "inv_256": {
    "median": 0.01253766398,
    "mean": 0.012515776780000001,
    "stddev": 0.0005578550994050637,
    "min": 0.01162837748,
    "max": 0.01341227648
  },
  "inv_4": {
    "median": 0.010963623660000001,
    "mean": 0.011076843060000001,
    "stddev": 0.0006258593274039658,
    "min": 0.010352863160000001,
    "max": 0.01212278716
  },
  "inv_64": {
    "median": 0.01207447664,
    "mean": 0.012166914739999998,
    "stddev": 0.00043489193578135634,
    "min": 0.01155925464,
    "max": 0.01300266864
  },
  "pi_1": {
    "median": 0.0015167808200000003,
    "mean": 0.0015149684200000005,
    "stddev": 2.9696877192541554e-05,
    "min": 0.00146915232,
    "max": 0.0015732563200000003
  },
  "pi_16": {
    "median": 0.0015005158200000002,
    "mean": 0.00149835642,
    "stddev": 2.281796549115533e-05,
    "min": 0.0014682918200000002,
    "max": 0.0015335338200000003
  },
  "pi_256": {
    "median": 0.1502931467,
    "mean": 0.1270437024,
    "stddev": 0.034899503128811085,
    "min": 0.0725988397,
    "max": 0.15576208970000002
  },
  "pi_4": {
    "median": 0.0015057286000000002,
    "mean": 0.0015157653000000002,
    "stddev": 3.8047475225915664e-05,
    "min": 0.0014614751,
    "max": 0.0015669531
  },
  "pi_64": {
    "median": 0.0058963809,
    "mean": 0.005917065800000001,
    "stddev": 0.00013351440121508332,
    "min": 0.0057485594000000004,
    "max": 0.006189602400000001
  },
  "sin_1": {
    "median": 0.025207348860000003,
    "mean": 0.02539013716,
    "stddev": 0.0011568442980078562,
    "min": 0.024022425360000002,
    "max": 0.027721047360000004
  },
  "sin_16": {
    "median": 0.03010073504,
    "mean": 0.03000768494,
    "stddev": 0.0007689020151735044,
    "min": 0.028918864040000002,
    "max": 0.03142822604
  },
  "sin_256": {
    "median": 8.69856909588,
    "mean": 8.70096522758,
    "stddev": 0.26430326208799454,
    "min": 8.22018805038,
    "max": 9.11973802038
  },
  "sin_4": {
    "median": 0.026380826760000003,
    "mean": 0.02673167946,
    "stddev": 0.0009869036772577372,
    "min": 0.025582001260000004,
    "max": 0.028216337260000002
  },
  "sin_64": {
    "median": 0.11772956288000001,
    "mean": 0.12079648738000001,
    "stddev": 0.01222272915089564,
    "min": 0.11288266688000001,
    "max": 0.15435020188
  },
  "summation": {
    "median": 0.61743126276,
    "mean": 0.6163085823600001,
    "stddev": 0.004431045155290459,
    "min": 0.60582757176,
    "max": 0.62168641876
  }
}
