{
  "asymmetric_convergence_1": {
    "median": 0.0017533506800000004,
    "mean": 0.0017717132800000005,
    "stddev": 4.877834343048383e-05,
    "min": 0.0017239636800000003,
    "max": 0.0018757976800000003
  },
  "asymmetric_convergence_16": {
    "median": 0.00270617632,
    "mean": 0.00274148332,
    "stddev": 9.101983285831471e-05,
    "min": 0.0026386983199999997,
    "max": 0.0029474303199999996
  },
  "asymmetric_convergence_256": {
    "median": 0.016409598919999997,
    "mean": 0.01637632562,
    "stddev": 0.00048122048363851837,
    "min": 0.01550792642,
    "max": 0.01702127742
  },
  "asymmetric_convergence_4": {
    "median": 0.0020129374,
    "mean": 0.0020055147999999997,
    "stddev": 6.620015696599382e-05,
    "min": 0.0018532619,
    "max": 0.0020942579
  },
  "asymmetric_convergence_64": {
    "median": 0.00571417108,
    "mean": 0.005752661880000001,
    "stddev": 0.00018327296546108492,
    "min": 0.005542362580000001,
    "max": 0.006141073580000001
  },
  "complex": {
    "median": 0.13127542316000002,
    "mean": 0.13116252636,
    "stddev": 0.0015791672472164338,
    "min": 0.12919884566,
    "max": 0.13352358266
  },
  "integer_roots_1": {
    "median": 0.5626265189399999,
    "mean": 0.55840072394,
    "stddev": 0.014435549416412652,
    "min": 0.52438590494,
    "max": 0.57233627694
  },
  "integer_roots_16": {
    "median": 0.83909574068,
    "mean": 0.84220305858,
    "stddev": 0.019605493896414375,
    "min": 0.81930522518,
    "max": 0.8845334771800001
  },
  "integer_roots_256": {
    "median": 6.03872040056,
    "mean": 6.03671014496,
    "stddev": 0.046990662717636765,
    "min": 5.97065740806,
    "max": 6.10100295506
  },
  "integer_roots_4": {
    "median": 0.596396816,
    "mean": 0.5979236573000001,
    "stddev": 0.013618458176840178,
    "min": 0.572865254,
    "max": 0.620098818
  },
  "integer_roots_64": {
    "median": 1.84848794434,
    "mean": 1.8564722234399997,
    "stddev": 0.02032728915538127,
    "min": 1.83639594084,
    "max": 1.89758974284
  },
  "inv_1": {
    "median": 0.00999647856,
    "mean": 0.01030324396,
    "stddev": 0.0006243334553922642,
    "min": 0.009676733560000001,
    "max": 0.01148504256
  },
  "inv_16": {
    "median": 0.009993534120000001,
    "mean": 0.010244423620000002,
    "stddev": 0.0009137959679040932,
    "min": 0.009566202620000002,
    "max": 0.012696757620000002
  },
  "inv_256": {
    "median": 0.012374167380000002,
    "mean": 0.012434440180000002,
    "stddev": 0.0005427377876279565,
    "min": 0.011581000380000001,
    "max": 0.013406669380000001
  },
  "inv_4": {
    "median": 0.010200411159999999,
    "mean": 0.01019253816,
    "stddev": 0.00023538335262054732,
    "min": 0.00970891816,
    "max": 0.01051484016
  },
  "inv_64": {
    "median": 0.012262946140000001,
    "mean": 0.01215801544,
    "stddev": 0.0007201483376284826,
    "min": 0.01058768364,
    "max": 0.01340575764
  },
  "pi_1": {
    "median": 0.0015770876800000001,
    "mean": 0.0015927719800000004,
    "stddev": 7.070732613000978e-05,
    "min": 0.0015382206800000002,
    "max": 0.0017663266800000002
  },
  "pi_16": {
    "median": 0.00154874012,
    "mean": 0.0015468710200000001,
    "stddev": 2.4002045632496505e-05,
    "min": 0.00151029512,
    "max": 0.0015897571200000002
  },
  "pi_256": {
    "median": 0.13320989314,
    "mean": 0.11965788944000003,
    "stddev": 0.03643452229966377,
    "min": 0.03751654064,
    "max": 0.14773482564
  },
  "pi_4": {
    "median": 0.0015428604600000002,
    "mean": 0.00154247866,
    "stddev": 2.438125424173257e-05,
    "min": 0.0015125114600000001,
    "max": 0.0015872484600000002
  },
  "pi_64": {
    "median": 0.0047969686,
    "mean": 0.0048481883,
    "stddev": 0.00019470568319449069,
    "min": 0.0046858006,
    "max": 0.0053455606
  },
  "sin_1": {
    "median": 0.023975069840000002,
    "mean": 0.02422350644,
    "stddev": 0.000896598156704608,
    "min": 0.02333411234,
    "max": 0.026435761340000002
  },
  "sin_16": {
    "median": 0.024083220580000002,
    "mean": 0.02431390948,
    "stddev": 0.0010310756383303153,
    "min": 0.02325453008,
    "max": 0.02571273008
  },
  "sin_256": {
    "median": 3.84023486918,
    "mean": 3.827240233479999,
    "stddev": 0.0687680250943562,
    "min": 3.66760647568,
    "max": 3.91641985968
  },
  "sin_4": {
    "median": 0.02602124172,
    "mean": 0.025956853619999998,
    "stddev": 0.0008447496060986817,
    "min": 0.02481577772,
    "max": 0.02741669672
  },
  "sin_64": {
    "median": 0.061195600040000006,
    "mean": 0.061532383839999996,
    "stddev": 0.0016169061364385625,
    "min": 0.05933626054,
    "max": 0.06478885154
  },
  "summation": {
    "median": 0.550617283,
    "mean": 0.5514898804,
    "stddev": 0.004329258585904316,
    "min": 0.5462399985,
    "max": 0.5592248955000001
  }
}
