{
  "asymmetric_convergence_1": {
    "median": 0.00186573818,
    "mean": 0.00186069528,
    "stddev": 3.691821053867284e-05,
    "min": 0.0018028046800000002,
    "max": 0.00190795168
  },
  "asymmetric_convergence_16": {
    "median": 0.0036725173,
    "mean": 0.0036625377000000002,
    "stddev": 0.00011442931686533226,
    "min": 0.0034533483000000003,
    "max": 0.0038064072999999996
  },
  "asymmetric_convergence_256": {
    "median": 0.030647085719999998,
    "mean": 0.031075704719999996,
    "stddev": 0.0026478019856855384,
    "min": 0.02610458022,
    "max": 0.03586056722
  },
  "asymmetric_convergence_4": {
    "median": 0.0022181753000000003,
    "mean": 0.0022278541000000005,
    "stddev": 5.6007967129785315e-05,
    "min": 0.0021039538000000003,
    "max": 0.0023109988
  },
  "asymmetric_convergence_64": {
    "median": 0.00879630026,
    "mean": 0.008854650759999999,
    "stddev": 0.00041901567877805374,
    "min": 0.00816692226,
    "max": 0.00966846926
  },
  "complex": {
    "median": 0.14626797286,
    "mean": 0.14675679256000002,
    "stddev": 0.0014825450954061522,
    "min": 0.14453897836000001,
    "max": 0.14955477636
  },
  "integer_roots_1": {
    "median": 0.6204568984200001,
    "mean": 0.6164896382200001,
    "stddev": 0.010526500549015185,
    "min": 0.60095830642,
    "max": 0.63273730642
  },
  "integer_roots_16": {
    "median": 1.06282153236,
    "mean": 1.06401409896,
    "stddev": 0.007026949390456478,
    "min": 1.05332374186,
    "max": 1.07908032686
  },
  "integer_roots_256": {
    "median": 8.41291004498,
    "mean": 8.442361097580001,
    "stddev": 0.11156661252828558,
    "min": 8.36968173498,
    "max": 8.745516674980001
  },
  "integer_roots_4": {
    "median": 0.7342213657000001,
    "mean": 0.7295089444,
    "stddev": 0.012834554894295086,
    "min": 0.7040811132,
    "max": 0.7465283392
  },
  "integer_roots_64": {
    "median": 2.51384515394,
    "mean": 2.5135788312400003,
    "stddev": 0.012989186444480768,
    "min": 2.49494540544,
    "max": 2.53497086744
  },
  "inv_1": {
    "median": 0.010467599140000002,
    "mean": 0.010534533440000002,
    "stddev": 0.00038422179852811274,
    "min": 0.01008778964,
    "max": 0.01135221464
  },
  "inv_16": {
    "median": 0.010330074600000001,
    "mean": 0.010346813400000002,
    "stddev": 0.0003725316863345844,
    "min": 0.0098432316,
    "max": 0.010889710600000001
  },
  "inv_256": {
    "median": 0.01212536676,
    "mean": 0.01206993546,
    "stddev": 0.0004265417631487112,
    "min": 0.01126393676,
    "max": 0.012846094760000001
  },
  "inv_4": {
    "median": 0.010461122400000002,
    "mean": 0.0103811475,
    "stddev": 0.00052283760934713,
    "min": 0.009427386900000001,
    "max": 0.0110824079
  },
  "inv_64": {
    "median": 0.01221650714,
    "mean": 0.012063021340000002,
    "stddev": 0.00027381029918704643,
    "min": 0.01151699364,
    "max": 0.012301295640000001
  },
  "pi_1": {
    "median": 0.0014934535400000003,
    "mean": 0.0015004428400000004,
    "stddev": 3.416101502866811e-05,
    "min": 0.0014583585400000003,
    "max": 0.0015822785400000003
  },
  "pi_16": {
    "median": 0.00149878006,
    "mean": 0.0015081455600000002,
    "stddev": 2.6802492994537312e-05,
    "min": 0.0014802710600000002,
    "max": 0.00155687406
  },
  "pi_256": {
    "median": 0.15342718902000002,
    "mean": 0.13361850672,
    "stddev": 0.034919648812963805,
    "min": 0.07235507302,
    "max": 0.15958305002
  },
  "pi_4": {
    "median": 0.0015176953000000002,
    "mean": 0.0015334804,
    "stddev": 6.821059846688862e-05,
    "min": 0.0014551133000000002,
    "max": 0.0016992673
  },
  "pi_64": {
    "median": 0.005842458600000001,
    "mean": 0.0058022057,
    "stddev": 0.00012106007533745834,
    "min": 0.0056227981000000005,
    "max": 0.0059755971000000005
  },
  "sin_1": {
    "median": 0.024631923800000004,
    "mean": 0.0248550321,
    "stddev": 0.0005937263431920276,
    "min": 0.024263742300000002,
    "max": 0.0257134663
  },
  "sin_16": {
    "median": 0.0304293645,
    "mean": 0.0304619875,
    "stddev": 0.0006337194297910291,
    "min": 0.0295761515,
    "max": 0.031590439500000005
  },
  "sin_256": {
    "median": 8.717032875740001,
    "mean": 8.758735728840001,
    "stddev": 0.21398330186467776,
    "min": 8.39614499274,
    "max": 9.145549046740001
  },
  "sin_4": {
    "median": 0.02618053554,
    "mean": 0.02622332284,
    "stddev": 0.0009433131982917145,
    "min": 0.025303339540000004,
    "max": 0.02846936154
  },
  "sin_64": {
    "median": 0.11944592676000002,
    "mean": 0.11833184866000002,
    "stddev": 0.0029252209013440047,
    "min": 0.11176529426000001,
    "max": 0.12151087826000001
  },
  "summation": {
    "median": 0.64241271802,
    "mean": 0.64615267832,
    "stddev": 0.01304052400288726,
    "min": 0.63710524602,
    "max": 0.68223549602
  }
}
