{
  "asymmetric_convergence_1": {
    "median": 0.00103916138,
    "mean": 0.00104077288,
    "stddev": 2.8679851879557124e-05,
    "min": 0.00100873438,
    "max": 0.0011005143800000001
  },
  "asymmetric_convergence_16": {
    "median": 0.0015374113600000003,
    "mean": 0.0015336459600000002,
    "stddev": 3.3384420136078736e-05,
    "min": 0.0014648023600000004,
    "max": 0.00158814136
  },
  "asymmetric_convergence_256": {
    "median": 0.0019406679600000004,
    "mean": 0.0019408397600000006,
    "stddev": 5.114920343042179e-05,
    "min": 0.0018467144600000003,
    "max": 0.0020120914600000005
  },
  "asymmetric_convergence_4": {
    "median": 0.0010688287,
    "mean": 0.0010775084000000002,
    "stddev": 4.6101012016006806e-05,
    "min": 0.0010110157,
    "max": 0.0011408877
  },
  "asymmetric_convergence_64": {
    "median": 0.00164764634,
    "mean": 0.0016509335399999998,
    "stddev": 3.0470634956918436e-05,
    "min": 0.00160367984,
    "max": 0.00169720384
  },
  "complex": {
    "median": 0.03961588774000001,
    "mean": 0.04078427534000001,
    "stddev": 0.00318770448109658,
    "min": 0.03719045524,
    "max": 0.046210635240000006
  },
  "integer_roots_1": {
    "median": 0.05786430244,
    "mean": 0.05880707704,
    "stddev": 0.002815894491230392,
    "min": 0.057120307940000004,
    "max": 0.06673146894000001
  },
  "integer_roots_16": {
    "median": 0.0630641723,
    "mean": 0.0632293134,
    "stddev": 0.0005124217452162705,
    "min": 0.0627065668,
    "max": 0.0645021968
  },
  "integer_roots_256": {
    "median": 0.09511188424,
    "mean": 0.09552545564000002,
    "stddev": 0.0016729648668965228,
    "min": 0.09389409874,
    "max": 0.09943451574
  },
  "integer_roots_4": {
    "median": 0.059345673439999996,
    "mean": 0.05966608234,
    "stddev": 0.0007145741173998828,
    "min": 0.05894679094,
    "max": 0.06080420594
  },
  "integer_roots_64": {
    "median": 0.06956400906,
    "mean": 0.06975678596000001,
    "stddev": 0.0009973205237832083,
    "min": 0.06858425606,
    "max": 0.07171826706000001
  },
  "inv_1": {
    "median": 0.0017129470399999999,
    "mean": 0.00174070884,
    "stddev": 8.295469322206357e-05,
    "min": 0.0016533165399999997,
    "max": 0.00194105154
  },
  "inv_16": {
    "median": 0.00205733588,
    "mean": 0.0021064353799999996,
    "stddev": 0.00011126140085527323,
    "min": 0.0020215998799999997,
    "max": 0.00232841988
  },
  "inv_256": {
    "median": 0.00220918168,
    "mean": 0.0022108286799999996,
    "stddev": 3.922408567590973e-05,
    "min": 0.0021457036800000004,
    "max": 0.00230516968
  },
  "inv_4": {
    "median": 0.0017369025600000002,
    "mean": 0.00175275226,
    "stddev": 5.432273100451499e-05,
    "min": 0.0016838485600000003,
    "max": 0.0018873775600000003
  },
  "inv_64": {
    "median": 0.0021642813800000003,
    "mean": 0.00220730558,
    "stddev": 0.00016333117683528777,
    "min": 0.00205893038,
    "max": 0.0026039843800000004
  },
  "pi_1": {
    "median": 0.00116117248,
    "mean": 0.00118337328,
    "stddev": 4.935479548252858e-05,
    "min": 0.00114607398,
    "max": 0.00131177998
  },
  "pi_16": {
    "median": 0.00119696238,
    "mean": 0.00118594548,
    "stddev": 2.7167859341713154e-05,
    "min": 0.00113338538,
    "max": 0.00121725038
  },
  "pi_256": {
    "median": 0.0092676335,
    "mean": 0.0093116924,
    "stddev": 0.0011532840328394053,
    "min": 0.007488208499999999,
    "max": 0.0110486915
  },
  "pi_4": {
    "median": 0.00116228966,
    "mean": 0.00116760736,
    "stddev": 2.5583892293785204e-05,
    "min": 0.0011364506599999998,
    "max": 0.00121212266
  },
  "pi_64": {
    "median": 0.00353772922,
    "mean": 0.00355113572,
    "stddev": 0.00011342094073749262,
    "min": 0.00337755572,
    "max": 0.0037263847200000003
  },
  "sin_1": {
    "median": 0.0040340596200000006,
    "mean": 0.0040381991200000005,
    "stddev": 9.233703073463482e-05,
    "min": 0.003947841120000001,
    "max": 0.004248891120000001
  },
  "sin_16": {
    "median": 0.0043054339,
    "mean": 0.0042903629,
    "stddev": 8.051988319387682e-05,
    "min": 0.0041345509,
    "max": 0.0043990439
  },
  "sin_256": {
    "median": 0.12103597616,
    "mean": 0.11928331496,
    "stddev": 0.006003660346596197,
    "min": 0.10764946466,
    "max": 0.12464357166
  },
  "sin_4": {
    "median": 0.003955629120000001,
    "mean": 0.00397761182,
    "stddev": 0.00010790825290758212,
    "min": 0.00386344712,
    "max": 0.0042403161200000004
  },
  "sin_64": {
    "median": 0.00809784406,
    "mean": 0.00826464476,
    "stddev": 0.0003875887579993918,
    "min": 0.00800242656,
    "max": 0.00904578656
  },
  "summation": {
    "median": 0.19596033492,
    "mean": 0.19597922472,
    "stddev": 0.0012095276029480647,
    "min": 0.19383093892,
    "max": 0.19789033092
  }
}
