{
  "asymmetric_convergence_1": {
    "median": 0.00087414566,
    "mean": 0.00088512716,
    "stddev": 3.959831739200263e-05,
    "min": 0.00083226466,
    "max": 0.00095472666
  },
  "asymmetric_convergence_16": {
    "median": 0.0012447253800000001,
    "mean": 0.0012402283800000001,
    "stddev": 2.8769810145938265e-05,
    "min": 0.00120082988,
    "max": 0.00129601088
  },
  "asymmetric_convergence_256": {
    "median": 0.0019411446000000003,
    "mean": 0.0019623195000000003,
    "stddev": 0.00011454141933083522,
    "min": 0.0018145896000000001,
    "max": 0.0021765986000000003
  },
  "asymmetric_convergence_4": {
    "median": 0.0009569093000000001,
    "mean": 0.0009498996000000001,
    "stddev": 2.9197211286354073e-05,
    "min": 0.0009068683,
    "max": 0.0009936923000000001
  },
  "asymmetric_convergence_64": {
    "median": 0.0015375726800000002,
    "mean": 0.00152921868,
    "stddev": 5.6984937777938754e-05,
    "min": 0.0014443366800000002,
    "max": 0.00162425868
  },
  "complex": {
    "median": 0.05150387858,
    "mean": 0.05182957598,
    "stddev": 0.0009871489990085597,
    "min": 0.05063412458,
    "max": 0.05325959358000001
  },
  "integer_roots_1": {
    "median": 0.07464448509999999,
    "mean": 0.07469272270000002,
    "stddev": 0.0006084844083245701,
    "min": 0.0739987146,
    "max": 0.0761735446
  },
  "integer_roots_16": {
    "median": 0.0819352498,
    "mean": 0.0818609813,
    "stddev": 0.0006093056320327981,
    "min": 0.0810576033,
    "max": 0.0828013733
  },
  "integer_roots_256": {
    "median": 0.11937367964000001,
    "mean": 0.11937339313999999,
    "stddev": 0.0019001545773218908,
    "min": 0.11598049314,
    "max": 0.12296254514
  },
  "integer_roots_4": {
    "median": 0.07822479452,
    "mean": 0.07792017202000001,
    "stddev": 0.0007678295748479036,
    "min": 0.07664903602,
    "max": 0.07888764202000001
  },
  "integer_roots_64": {
    "median": 0.08795124762,
    "mean": 0.08810918512,
    "stddev": 0.0007748433482134757,
    "min": 0.08714785612,
    "max": 0.08972296612000001
  },
  "inv_1": {
    "median": 0.0015676456,
    "mean": 0.0015827263000000001,
    "stddev": 7.09728834055655e-05,
    "min": 0.0015000046000000003,
    "max": 0.0017117996000000002
  },
  "inv_16": {
    "median": 0.0017907031199999998,
    "mean": 0.0017926334200000001,
    "stddev": 2.5876094938937097e-05,
    "min": 0.00175300462,
    "max": 0.0018287146199999996
  },
  "inv_256": {
    "median": 0.0019115279800000003,
    "mean": 0.00191024098,
    "stddev": 3.480918859535031e-05,
    "min": 0.0018609909800000003,
    "max": 0.00196742998
  },
  "inv_4": {
    "median": 0.00159205964,
    "mean": 0.00159031774,
    "stddev": 3.308712317570752e-05,
    "min": 0.0015403261400000002,
    "max": 0.0016289861400000001
  },
  "inv_64": {
    "median": 0.0018641393200000001,
    "mean": 0.0018676307199999998,
    "stddev": 2.279139467333128e-05,
    "min": 0.00183493732,
    "max": 0.0019046843199999998
  },
  "pi_1": {
    "median": 0.0010096555200000002,
    "mean": 0.0010172517200000002,
    "stddev": 2.8420250037214277e-05,
    "min": 0.0009824935200000002,
    "max": 0.0010691695200000001
  },
  "pi_16": {
    "median": 0.0010190067800000002,
    "mean": 0.0010249205800000002,
    "stddev": 2.3980515530785047e-05,
    "min": 0.0009917112800000001,
    "max": 0.0010617162800000003
  },
  "pi_256": {
    "median": 0.00631332812,
    "mean": 0.00638269642,
    "stddev": 0.00040205438564675416,
    "min": 0.00590476612,
    "max": 0.00716454312
  },
  "pi_4": {
    "median": 0.00101785094,
    "mean": 0.0010253674400000003,
    "stddev": 3.1204738792547404e-05,
    "min": 0.00099388844,
    "max": 0.00109712444
  },
  "pi_64": {
    "median": 0.0026917113200000003,
    "mean": 0.0027038841200000005,
    "stddev": 6.119886713012838e-05,
    "min": 0.0026210518200000003,
    "max": 0.0027953668200000003
  },
  "sin_1": {
    "median": 0.0044795702000000005,
    "mean": 0.004448916799999999,
    "stddev": 0.00010605220675209401,
    "min": 0.0042534127000000005,
    "max": 0.004567669700000001
  },
  "sin_16": {
    "median": 0.00459183718,
    "mean": 0.00458398898,
    "stddev": 6.050929232550433e-05,
    "min": 0.00448640318,
    "max": 0.0046648361800000005
  },
  "sin_256": {
    "median": 0.07004870603999999,
    "mean": 0.06956409574,
    "stddev": 0.0023257139907798966,
    "min": 0.06641193704,
    "max": 0.07353929804
  },
  "sin_4": {
    "median": 0.004440526500000001,
    "mean": 0.004486926300000001,
    "stddev": 0.0001423826352098067,
    "min": 0.004263343500000001,
    "max": 0.0047573735
  },
  "sin_64": {
    "median": 0.008951907880000002,
    "mean": 0.00907052688,
    "stddev": 0.0004979948098920197,
    "min": 0.00858844838,
    "max": 0.00982136538
  },
  "summation": {
    "median": 0.26061884560000004,
    "mean": 0.2607939114000001,
    "stddev": 0.0013693372795284544,
    "min": 0.2587206066,
    "max": 0.2625310706
  }
}
