{
  "asymmetric_convergence_1": {
    "median": 0.0014964954999999998,
    "mean": 0.0015089799999999998,
    "stddev": 3.2952472539165314e-05,
    "min": 0.0014711069999999997,
    "max": 0.0015685359999999997
  },
  "asymmetric_convergence_16": {
    "median": 0.0034399194400000005,
    "mean": 0.00342790714,
    "stddev": 8.402144182958427e-05,
    "min": 0.0032064094400000003,
    "max": 0.00350077644
  },
  "asymmetric_convergence_256": {
    "median": 0.029371546720000002,
    "mean": 0.029962710919999996,
    "stddev": 0.0015759421728467919,
    "min": 0.02837185472,
    "max": 0.03264736072
  },
  "asymmetric_convergence_4": {
    "median": 0.0019273146000000003,
    "mean": 0.0019285574,
    "stddev": 4.211075883125874e-05,
    "min": 0.0018531851,
    "max": 0.0019957211
  },
  "asymmetric_convergence_64": {
    "median": 0.009605100480000002,
    "mean": 0.009613525780000003,
    "stddev": 0.0002880311985137875,
    "min": 0.009203004980000002,
    "max": 0.010079194980000001
  },
  "complex": {
    "median": 0.13404690966,
    "mean": 0.13425154866,
    "stddev": 0.0006761539592626098,
    "min": 0.13352317916,
    "max": 0.13530565116
  },
  "integer_roots_1": {
    "median": 0.56345479032,
    "mean": 0.5625928803200001,
    "stddev": 0.006723336711016034,
    "min": 0.5521693578200001,
    "max": 0.5722251598200001
  },
  "integer_roots_16": {
    "median": 1.01294083792,
    "mean": 1.0130858096200002,
    "stddev": 0.008064208747276192,
    "min": 1.00105977692,
    "max": 1.02518149492
  },
  "integer_roots_256": {
    "median": 8.06736828508,
    "mean": 8.07594596158,
    "stddev": 0.05484432504452278,
    "min": 8.01452237608,
    "max": 8.17092317508
  },
  "integer_roots_4": {
    "median": 0.6550342230999999,
    "mean": 0.6570056410999999,
    "stddev": 0.011675795242919153,
    "min": 0.6426740761,
    "max": 0.6803900581
  },
  "integer_roots_64": {
    "median": 2.44266061082,
    "mean": 2.44600283732,
    "stddev": 0.01248285324635569,
    "min": 2.42759281182,
    "max": 2.46795850582
  },
  "inv_1": {
    "median": 0.007264352480000001,
    "mean": 0.00726993888,
    "stddev": 0.0001990716864495745,
    "min": 0.006931882980000001,
    "max": 0.00761542098
  },
  "inv_16": {
    "median": 0.00852138914,
    "mean": 0.008516911339999999,
    "stddev": 0.00025546022522631166,
    "min": 0.00813902964,
    "max": 0.008883053640000001
  },
  "inv_256": {
    "median": 0.00846108554,
    "mean": 0.008539784140000003,
    "stddev": 0.0002885865733059819,
    "min": 0.00813355654,
    "max": 0.00907242154
  },
  "inv_4": {
    "median": 0.007271561860000001,
    "mean": 0.0074030738600000005,
    "stddev": 0.0003093284685123923,
    "min": 0.007055023860000001,
    "max": 0.00789702886
  },
  "inv_64": {
    "median": 0.00842070798,
    "mean": 0.00846346038,
    "stddev": 0.00029791579343357356,
    "min": 0.00813473398,
    "max": 0.00887824698
  },
  "pi_1": {
    "median": 0.00125392432,
    "mean": 0.0012535043200000004,
    "stddev": 3.4914263777303214e-05,
    "min": 0.0012074543200000002,
    "max": 0.0013198773200000001
  },
  "pi_16": {
    "median": 0.0012526457200000003,
    "mean": 0.0012540190200000002,
    "stddev": 2.1846515450854997e-05,
    "min": 0.00121764072,
    "max": 0.0012940387200000001
  },
  "pi_256": {
    "median": 0.0961412831,
    "mean": 0.1012369236,
    "stddev": 0.030334895639375675,
    "min": 0.041450550100000004,
    "max": 0.1491023421
  },
  "pi_4": {
    "median": 0.0012310217,
    "mean": 0.0012452952,
    "stddev": 3.052448177465281e-05,
    "min": 0.0012150217,
    "max": 0.0012960867
  },
  "pi_64": {
    "median": 0.00511270388,
    "mean": 0.005117582180000001,
    "stddev": 0.0001228477715366099,
    "min": 0.00490952538,
    "max": 0.00536736238
  },
  "sin_1": {
    "median": 0.019285928360000003,
    "mean": 0.019425968760000002,
    "stddev": 0.0005598115286583214,
    "min": 0.018421784860000002,
    "max": 0.02034529586
  },
  "sin_16": {
    "median": 0.024509052380000004,
    "mean": 0.02428261508,
    "stddev": 0.0005242228540939968,
    "min": 0.02355939638,
    "max": 0.02503238738
  },
  "sin_256": {
    "median": 8.44198465646,
    "mean": 8.429691058960001,
    "stddev": 0.16801312599516677,
    "min": 8.124751105460001,
    "max": 8.662268949460001
  },
  "sin_4": {
    "median": 0.021097290560000002,
    "mean": 0.021158432860000007,
    "stddev": 0.0006257775568895245,
    "min": 0.020283924060000003,
    "max": 0.022231057060000003
  },
  "sin_64": {
    "median": 0.10934126862,
    "mean": 0.10924653412,
    "stddev": 0.003450771570984769,
    "min": 0.10170859112,
    "max": 0.11380313912000001
  },
  "summation": {
    "median": 0.56260660354,
    "mean": 0.56270867124,
    "stddev": 0.0009002432456351891,
    "min": 0.5615405105400001,
    "max": 0.5644475625400001
  }
}
