{
  "asymmetric_convergence_1": {
    "median": 0.0019106405000000003,
    "mean": 0.0019076378,
    "stddev": 3.977443930689384e-05,
    "min": 0.001850187,
    "max": 0.0019737580000000004
  },
  "asymmetric_convergence_16": {
    "median": 0.0037794260400000005,
    "mean": 0.0038161935400000007,
    "stddev": 0.0001635485264597841,
    "min": 0.0035844560400000005,
    "max": 0.00409997004
  },
  "asymmetric_convergence_256": {
    "median": 0.02942751122,
    "mean": 0.02893480962000001,
    "stddev": 0.0027099506771540837,
    "min": 0.02276853372,
    "max": 0.03281137872
  },
  "asymmetric_convergence_4": {
    "median": 0.00229090046,
    "mean": 0.0023339517600000003,
    "stddev": 0.0001396655564379501,
    "min": 0.00221872546,
    "max": 0.00270451246
  },
  "asymmetric_convergence_64": {
    "median": 0.009117958220000002,
    "mean": 0.00918535302,
    "stddev": 0.0007722743477028026,
    "min": 0.008204946720000002,
    "max": 0.010520423720000002
  },
  "complex": {
    "median": 0.1454672649,
    "mean": 0.14561216600000004,
    "stddev": 0.001272318748254642,
    "min": 0.14369631440000002,
    "max": 0.14763907040000002
  },
  "integer_roots_1": {
    "median": 0.6278939868,
    "mean": 0.6277222589,
    "stddev": 0.0049242111273285205,
    "min": 0.6207641373,
    "max": 0.6353444763
  },
  "integer_roots_16": {
    "median": 1.07839117192,
    "mean": 1.08139037962,
    "stddev": 0.013416803010078323,
    "min": 1.06277990942,
    "max": 1.10565466842
  },
  "integer_roots_256": {
    "median": 8.74672143518,
    "mean": 8.736047105179999,
    "stddev": 0.06129695003532095,
    "min": 8.64458913118,
    "max": 8.838246698179999
  },
  "integer_roots_4": {
    "median": 0.72128367266,
    "mean": 0.72257626306,
    "stddev": 0.0061604825947253585,
    "min": 0.71661011166,
    "max": 0.73399839366
  },
  "integer_roots_64": {
    "median": 2.49304880234,
    "mean": 2.5005144246400004,
    "stddev": 0.04507158308062193,
    "min": 2.43555659184,
    "max": 2.5882149988400003
  },
  "inv_1": {
    "median": 0.010772188540000002,
    "mean": 0.01081867664,
    "stddev": 0.0005086080781888827,
    "min": 0.01009850154,
    "max": 0.01173348254
  },
  "inv_16": {
    "median": 0.011896325780000001,
    "mean": 0.012014285380000001,
    "stddev": 0.000569939103176861,
    "min": 0.011523660780000002,
    "max": 0.013488468780000002
  },
  "inv_256": {
    "median": 0.012483418420000001,
    "mean": 0.012515678620000002,
    "stddev": 0.0003648925585812293,
    "min": 0.01212951542,
    "max": 0.013228119420000002
  },
  "inv_4": {
    "median": 0.01066009402,
    "mean": 0.01087693322,
    "stddev": 0.000514699481620111,
    "min": 0.010307423520000001,
    "max": 0.01176187652
  },
  "inv_64": {
    "median": 0.01252899112,
    "mean": 0.01242589442,
    "stddev": 0.00043133092016038013,
    "min": 0.01175215562,
    "max": 0.01295419962
  },
  "pi_1": {
    "median": 0.0015025820000000001,
    "mean": 0.0015003179000000002,
    "stddev": 2.2944272218912463e-05,
    "min": 0.001454347,
    "max": 0.0015253600000000003
  },
  "pi_16": {
    "median": 0.0015202388400000003,
    "mean": 0.0015221452400000003,
    "stddev": 1.9477128937693957e-05,
    "min": 0.0014908083400000003,
    "max": 0.0015588363400000002
  },
  "pi_256": {
    "median": 0.15453861774,
    "mean": 0.13702503934,
    "stddev": 0.03315451379213547,
    "min": 0.07137141174,
    "max": 0.16464733274
  },
  "pi_4": {
    "median": 0.00150608424,
    "mean": 0.0015043851400000003,
    "stddev": 3.0163536088757464e-05,
    "min": 0.0014337237400000003,
    "max": 0.00154067474
  },
  "pi_64": {
    "median": 0.0057844420600000005,
    "mean": 0.005867035060000002,
    "stddev": 0.00017844075237020396,
    "min": 0.005695723060000001,
    "max": 0.00620331906
  },
  "sin_1": {
    "median": 0.02508159246,
    "mean": 0.025389396259999995,
    "stddev": 0.0008375782968371504,
    "min": 0.02461880346,
    "max": 0.02722592246
  },
  "sin_16": {
    "median": 0.031058904480000003,
    "mean": 0.031544155780000006,
    "stddev": 0.001241128772303827,
    "min": 0.03049117598,
    "max": 0.034120639980000006
  },
  "sin_256": {
    "median": 8.60155315758,
    "mean": 8.587523306280001,
    "stddev": 0.22729937967444702,
    "min": 8.08529860308,
    "max": 8.85857326908
  },
  "sin_4": {
    "median": 0.02718163204,
    "mean": 0.02780996524,
    "stddev": 0.0018653077866866183,
    "min": 0.026034689040000003,
    "max": 0.03157963504
  },
  "sin_64": {
    "median": 0.11840888672000001,
    "mean": 0.11888116082,
    "stddev": 0.0033096919549657424,
    "min": 0.11444769422,
    "max": 0.12481675122000002
  },
  "summation": {
    "median": 0.6196571802200002,
    "mean": 0.62171869782,
    "stddev": 0.005611563897800005,
    "min": 0.61331444022,
    "max": 0.6304990682200001
  }
}
