{
  "asymmetric_convergence_1": {
    "median": 0.00187686962,
    "mean": 0.00186952622,
    "stddev": 3.740544863816269e-05,
    "min": 0.00178774162,
    "max": 0.0019281226200000001
  },
  "asymmetric_convergence_16": {
    "median": 0.0038859091000000004,
    "mean": 0.0038835503,
    "stddev": 7.46502244441815e-05,
    "min": 0.0037623976,
    "max": 0.0040581816
  },
  "asymmetric_convergence_256": {
    "median": 0.03611292312,
    "mean": 0.03637074102000001,
    "stddev": 0.0014704110047221632,
    "min": 0.033736136619999996,
    "max": 0.03857295762
  },
  "asymmetric_convergence_4": {
    "median": 0.00226799868,
    "mean": 0.00227216818,
    "stddev": 3.5438698594270595e-05,
    "min": 0.0022266856800000003,
    "max": 0.00233267468
  },
  "asymmetric_convergence_64": {
    "median": 0.010696613280000001,
    "mean": 0.010611593280000001,
    "stddev": 0.00047540561404534683,
    "min": 0.009714279780000001,
    "max": 0.01122899578
  },
  "complex": {
    "median": 0.16966812562,
    "mean": 0.16997151362000001,
    "stddev": 0.0014032414036781633,
    "min": 0.16817937262,
    "max": 0.17240476461999998
  },
  "integer_roots_1": {
    "median": 0.70563992184,
    "mean": 0.7127951658400001,
    "stddev": 0.025589766375622193,
    "min": 0.6953813928400001,
    "max": 0.78307910284
  },
  "integer_roots_16": {
    "median": 1.22142881866,
    "mean": 1.2198769023599998,
    "stddev": 0.012772497745475286,
    "min": 1.19858134966,
    "max": 1.23826475866
  },
  "integer_roots_256": {
    "median": 9.719787933480001,
    "mean": 9.72926297118,
    "stddev": 0.05106217226271209,
    "min": 9.66315064298,
    "max": 9.81880483598
  },
  "integer_roots_4": {
    "median": 0.8045655682200001,
    "mean": 0.80481959132,
    "stddev": 0.00946339279717496,
    "min": 0.7886924997200001,
    "max": 0.8165154547200001
  },
  "integer_roots_64": {
    "median": 2.89082934816,
    "mean": 2.8945535649600007,
    "stddev": 0.023935549737679113,
    "min": 2.8668774051600003,
    "max": 2.94892239916
  },
  "inv_1": {
    "median": 0.01087263622,
    "mean": 0.01104334612,
    "stddev": 0.0005823601073444735,
    "min": 0.010377365720000002,
    "max": 0.01204700172
  },
  "inv_16": {
    "median": 0.01037737256,
    "mean": 0.010367980960000002,
    "stddev": 0.0005099063290533969,
    "min": 0.009530307560000001,
    "max": 0.011167900560000001
  },
  "inv_256": {
    "median": 0.012598474900000002,
    "mean": 0.012661544200000003,
    "stddev": 0.0003504865953381579,
    "min": 0.0121394584,
    "max": 0.013335585400000002
  },
  "inv_4": {
    "median": 0.0106825001,
    "mean": 0.010711873100000002,
    "stddev": 0.0004283184647819504,
    "min": 0.0101598546,
    "max": 0.011464999600000001
  },
  "inv_64": {
    "median": 0.0124483942,
    "mean": 0.012422070300000001,
    "stddev": 0.00030639174694297296,
    "min": 0.011952399200000002,
    "max": 0.012945934200000002
  },
  "pi_1": {
    "median": 0.0015786718800000002,
    "mean": 0.0015770976800000003,
    "stddev": 3.291975265466686e-05,
    "min": 0.00151845888,
    "max": 0.0016464108800000002
  },
  "pi_16": {
    "median": 0.0015879064000000002,
    "mean": 0.0015824674,
    "stddev": 5.7902968475046486e-05,
    "min": 0.0015142814000000003,
    "max": 0.0016635884000000003
  },
  "pi_256": {
    "median": 0.14027139102000002,
    "mean": 0.12977306802,
    "stddev": 0.027116343685421134,
    "min": 0.09962657602000001,
    "max": 0.15478694202
  },
  "pi_4": {
    "median": 0.0015567081800000005,
    "mean": 0.0015654203800000005,
    "stddev": 4.847387819067548e-05,
    "min": 0.0014944651800000005,
    "max": 0.0016517101800000004
  },
  "pi_64": {
    "median": 0.00612216474,
    "mean": 0.00613820394,
    "stddev": 0.00016247037284912387,
    "min": 0.00591391774,
    "max": 0.00643883774
  },
  "sin_1": {
    "median": 0.02679001078,
    "mean": 0.026903727480000007,
    "stddev": 0.0008154545304577146,
    "min": 0.02601531878,
    "max": 0.029039728780000003
  },
  "sin_16": {
    "median": 0.032201448019999995,
    "mean": 0.03249366722,
    "stddev": 0.0008211610157437722,
    "min": 0.03161467052,
    "max": 0.03403439352
  },
  "sin_256": {
    "median": 8.80903386704,
    "mean": 8.73053290374,
    "stddev": 0.2951136146901732,
    "min": 8.126247834539999,
    "max": 9.03475600654
  },
  "sin_4": {
    "median": 0.02913704574,
    "mean": 0.029077398440000003,
    "stddev": 0.0009235369504012583,
    "min": 0.027903963740000003,
    "max": 0.030396247740000003
  },
  "sin_64": {
    "median": 0.12420926242000002,
    "mean": 0.12359589502000001,
    "stddev": 0.0034197113527453422,
    "min": 0.11545338542000001,
    "max": 0.12698134642
  },
  "summation": {
    "median": 0.72895097156,
    "mean": 0.7302831936599998,
    "stddev": 0.005165937263366219,
    "min": 0.72487927206,
    "max": 0.74205108606
  }
}
