{
  "asymmetric_convergence_1": {
    "median": 0.0011683282999999998,
    "mean": 0.0011874468999999999,
    "stddev": 4.08814138051892e-05,
    "min": 0.0011563152999999999,
    "max": 0.0012718203
  },
  "asymmetric_convergence_16": {
    "median": 0.0015597076599999998,
    "mean": 0.0015824813599999998,
    "stddev": 5.302955531284214e-05,
    "min": 0.00150751066,
    "max": 0.00165846166
  },
  "asymmetric_convergence_256": {
    "median": 0.00206248412,
    "mean": 0.00205672752,
    "stddev": 5.5564405557774936e-05,
    "min": 0.0019659736200000003,
    "max": 0.0021302896199999997
  },
  "asymmetric_convergence_4": {
    "median": 0.0012085508400000002,
    "mean": 0.0012153486400000003,
    "stddev": 2.9601188152017072e-05,
    "min": 0.00116358934,
    "max": 0.0012606413400000002
  },
  "asymmetric_convergence_64": {
    "median": 0.00183270638,
    "mean": 0.00184732898,
    "stddev": 4.6579649402812106e-05,
    "min": 0.00178167138,
    "max": 0.0019209803800000003
  },
  "complex": {
    "median": 0.05391742202000001,
    "mean": 0.05394087822000001,
    "stddev": 0.0004716403620905443,
    "min": 0.05322474252000001,
    "max": 0.054706570520000004
  },
  "integer_roots_1": {
    "median": 0.06909637840000002,
    "mean": 0.06925240550000002,
    "stddev": 0.00043187987707082594,
    "min": 0.06882271890000001,
    "max": 0.07010823290000001
  },
  "integer_roots_16": {
    "median": 0.07498213814000002,
    "mean": 0.07496710364,
    "stddev": 0.0005368142355762685,
    "min": 0.07402734664,
    "max": 0.07578947864
  },
  "integer_roots_256": {
    "median": 0.10638145414000001,
    "mean": 0.10653944243999999,
    "stddev": 0.0021440887391652643,
    "min": 0.10381904664000001,
    "max": 0.11033815464
  },
  "integer_roots_4": {
    "median": 0.07088400566000001,
    "mean": 0.07107269616,
    "stddev": 0.0009271279331740614,
    "min": 0.06975104566000001,
    "max": 0.07274064066000001
  },
  "integer_roots_64": {
    "median": 0.07956038036000002,
    "mean": 0.07955553236000003,
    "stddev": 0.000550395522219553,
    "min": 0.07884741636,
    "max": 0.08036679436000001
  },
  "inv_1": {
    "median": 0.0019223956800000002,
    "mean": 0.0019138799800000003,
    "stddev": 3.233951788893723e-05,
    "min": 0.00185094218,
    "max": 0.0019515901800000002
  },
  "inv_16": {
    "median": 0.0021469205800000004,
    "mean": 0.00216377848,
    "stddev": 5.047152496694443e-05,
    "min": 0.00211073408,
    "max": 0.0022419710800000003
  },
  "inv_256": {
    "median": 0.0022370264400000004,
    "mean": 0.00224591214,
    "stddev": 5.035801932562477e-05,
    "min": 0.0021771489400000004,
    "max": 0.0023459229400000004
  },
  "inv_4": {
    "median": 0.00192952716,
    "mean": 0.0019323500600000002,
    "stddev": 3.5860442707963196e-05,
    "min": 0.0018772541599999999,
    "max": 0.00198428416
  },
  "inv_64": {
    "median": 0.0022259413600000002,
    "mean": 0.0022095278600000002,
    "stddev": 6.809129827461235e-05,
    "min": 0.00209147536,
    "max": 0.00232131636
  },
  "pi_1": {
    "median": 0.00130589154,
    "mean": 0.00130369784,
    "stddev": 3.489711931138919e-05,
    "min": 0.0012601655400000002,
    "max": 0.00137188354
  },
  "pi_16": {
    "median": 0.00131664804,
    "mean": 0.0013192662399999998,
    "stddev": 2.0993272969109813e-05,
    "min": 0.0012935860399999998,
    "max": 0.0013544970400000001
  },
  "pi_256": {
    "median": 0.0078778891,
    "mean": 0.007691287199999999,
    "stddev": 0.000748519789276654,
    "min": 0.0060692401000000005,
    "max": 0.0086376721
  },
  "pi_4": {
    "median": 0.00130176778,
    "mean": 0.0013106865799999998,
    "stddev": 1.992562078664884e-05,
    "min": 0.0012953007799999998,
    "max": 0.0013614037799999999
  },
  "pi_64": {
    "median": 0.00339052988,
    "mean": 0.00337719248,
    "stddev": 7.190228845098664e-05,
    "min": 0.00326756188,
    "max": 0.00347108888
  },
  "sin_1": {
    "median": 0.0046237788200000005,
    "mean": 0.004632932120000001,
    "stddev": 9.665668090009194e-05,
    "min": 0.004514762320000001,
    "max": 0.00477428532
  },
  "sin_16": {
    "median": 0.00481642556,
    "mean": 0.0048227728599999995,
    "stddev": 6.508563123736804e-05,
    "min": 0.0047187715600000004,
    "max": 0.00493893956
  },
  "sin_256": {
    "median": 0.08305098722000001,
    "mean": 0.08265261732000002,
    "stddev": 0.0016613717942622142,
    "min": 0.07979489672000001,
    "max": 0.08449551872000001
  },
  "sin_4": {
    "median": 0.0046896508,
    "mean": 0.004673178799999999,
    "stddev": 6.43944762248888e-05,
    "min": 0.0045517103,
    "max": 0.0047390322999999995
  },
  "sin_64": {
    "median": 0.009378081180000001,
    "mean": 0.009156638880000002,
    "stddev": 0.00047934326629139136,
    "min": 0.00823348318,
    "max": 0.00946974218
  },
  "summation": {
    "median": 0.28119993844,
    "mean": 0.2818247550400001,
    "stddev": 0.003264087984170682,
    "min": 0.27807305994000003,
    "max": 0.28695177194000004
  }
}
