{
  "asymmetric_convergence_1": {
    "median": 0.00154183936,
    "mean": 0.0015800386600000002,
    "stddev": 0.00010510791803855697,
    "min": 0.00152153886,
    "max": 0.0018719218600000002
  },
  "asymmetric_convergence_16": {
    "median": 0.0033852998800000004,
    "mean": 0.0033872426800000003,
    "stddev": 3.0450827228500704e-05,
    "min": 0.00334122638,
    "max": 0.00342634138
  },
  "asymmetric_convergence_256": {
    "median": 0.03654155566,
    "mean": 0.036602945660000004,
    "stddev": 0.0014784585218829375,
    "min": 0.03428785216,
    "max": 0.03914678516
  },
  "asymmetric_convergence_4": {
    "median": 0.00197035676,
    "mean": 0.0019886947599999996,
    "stddev": 8.08054733710671e-05,
    "min": 0.0019161592600000002,
    "max": 0.0021905282600000004
  },
  "asymmetric_convergence_64": {
    "median": 0.01003429706,
    "mean": 0.01005365516,
    "stddev": 0.00038762627637554004,
    "min": 0.009507692060000001,
    "max": 0.01072352306
  },
  "complex": {
    "median": 0.15282505091999998,
    "mean": 0.15310415942000002,
    "stddev": 0.0007022213425594497,
    "min": 0.15228209842,
    "max": 0.15426300042
  },
  "integer_roots_1": {
    "median": 0.65000839422,
    "mean": 0.64865475712,
    "stddev": 0.005334689969877141,
    "min": 0.64039502572,
    "max": 0.65653221172
  },
  "integer_roots_16": {
    "median": 1.146036977,
    "mean": 1.1495510826000002,
    "stddev": 0.008598653118807687,
    "min": 1.1376158775,
    "max": 1.1650073445
  },
  "integer_roots_256": {
    "median": 9.32229686894,
    "mean": 9.33134307974,
    "stddev": 0.06278376348581703,
    "min": 9.25312665594,
    "max": 9.47191806394
  },
  "integer_roots_4": {
    "median": 0.74487998654,
    "mean": 0.74767908514,
    "stddev": 0.00928969231635021,
    "min": 0.7333824720400001,
    "max": 0.76483043104
  },
  "integer_roots_64": {
    "median": 2.77016431034,
    "mean": 2.7677971685400005,
    "stddev": 0.009578880733508785,
    "min": 2.74856635534,
    "max": 2.78084702734
  },
  "inv_1": {
    "median": 0.007740195120000001,
    "mean": 0.007878076620000002,
    "stddev": 0.0004600062680952175,
    "min": 0.0075480296200000005,
    "max": 0.009109587620000002
  },
  "inv_16": {
    "median": 0.007974072240000001,
    "mean": 0.007916735239999998,
    "stddev": 0.0003226720886869688,
    "min": 0.00728488074,
    "max": 0.00831974274
  },
  "inv_256": {
    "median": 0.009686948100000002,
    "mean": 0.009715409100000003,
    "stddev": 0.0003448996749743158,
    "min": 0.009156066600000002,
    "max": 0.010386342600000001
  },
  "inv_4": {
    "median": 0.007771910240000001,
    "mean": 0.00778642254,
    "stddev": 0.00027031829818487444,
    "min": 0.00742316024,
    "max": 0.00835924424
  },
  "inv_64": {
    "median": 0.00947576118,
    "mean": 0.009422511179999999,
    "stddev": 0.00037872782154412107,
    "min": 0.00885465018,
    "max": 0.01009663018
  },
  "pi_1": {
    "median": 0.0013368762400000002,
    "mean": 0.00133488434,
    "stddev": 3.8597642536530374e-05,
    "min": 0.00128401574,
    "max": 0.00140801974
  },
  "pi_16": {
    "median": 0.00131868808,
    "mean": 0.0013179352800000003,
    "stddev": 1.553800917320701e-05,
    "min": 0.0012879150800000003,
    "max": 0.00133641708
  },
  "pi_256": {
    "median": 0.09716034766000001,
    "mean": 0.10768164935999999,
    "stddev": 0.022196924495172316,
    "min": 0.09666020166,
    "max": 0.14991650566
  },
  "pi_4": {
    "median": 0.0013087681000000001,
    "mean": 0.0013224409,
    "stddev": 3.9510911750356345e-05,
    "min": 0.0012589876000000002,
    "max": 0.0013836756000000002
  },
  "pi_64": {
    "median": 0.00537598756,
    "mean": 0.00539881496,
    "stddev": 0.00010116040138666463,
    "min": 0.00529170756,
    "max": 0.00562478356
  },
  "sin_1": {
    "median": 0.021682037600000002,
    "mean": 0.022124167900000002,
    "stddev": 0.000984481589983141,
    "min": 0.021158193100000004,
    "max": 0.0238360141
  },
  "sin_16": {
    "median": 0.027397918460000004,
    "mean": 0.02730166296,
    "stddev": 0.0006669584848065051,
    "min": 0.02613783746,
    "max": 0.02845881746
  },
  "sin_256": {
    "median": 8.514690680580001,
    "mean": 8.455603054380001,
    "stddev": 0.1801498838365417,
    "min": 8.14741162208,
    "max": 8.66003284008
  },
  "sin_4": {
    "median": 0.02433058212,
    "mean": 0.02418121012,
    "stddev": 0.00116977352421866,
    "min": 0.02244588062,
    "max": 0.02562796862
  },
  "sin_64": {
    "median": 0.11881160488,
    "mean": 0.11865049547999999,
    "stddev": 0.0026767798495697594,
    "min": 0.11335585088000001,
    "max": 0.12215423588
  },
  "summation": {
    "median": 0.65674107096,
    "mean": 0.65680558906,
    "stddev": 0.003148761875200598,
    "min": 0.6525997234600001,
    "max": 0.66310740146
  }
}
