{
  "asymmetric_convergence_1": {
    "median": 0.00118721256,
    "mean": 0.0011992228599999998,
    "stddev": 4.424314093745056e-05,
    "min": 0.0011595595599999998,
    "max": 0.00129477256
  },
  "asymmetric_convergence_16": {
    "median": 0.0015977216200000002,
    "mean": 0.0015952968200000001,
    "stddev": 3.867664811413269e-05,
    "min": 0.0015552811200000003,
    "max": 0.0016621411200000002
  },
  "asymmetric_convergence_256": {
    "median": 0.00205206932,
    "mean": 0.00205252452,
    "stddev": 4.833049738128317e-05,
    "min": 0.00197578482,
    "max": 0.00212487282
  },
  "asymmetric_convergence_4": {
    "median": 0.00119690264,
    "mean": 0.00120106864,
    "stddev": 3.936471630576469e-05,
    "min": 0.00114659114,
    "max": 0.0012615051400000003
  },
  "asymmetric_convergence_64": {
    "median": 0.00178970858,
    "mean": 0.0018005797799999998,
    "stddev": 4.3435217454145273e-05,
    "min": 0.00173760158,
    "max": 0.00186733358
  },
  "complex": {
    "median": 0.05922647306000001,
    "mean": 0.05880987236,
    "stddev": 0.0011288059462233198,
    "min": 0.056873831060000005,
    "max": 0.060026927060000006
  },
  "integer_roots_1": {
    "median": 0.06924219486,
    "mean": 0.06923210286,
    "stddev": 0.00035640025465853134,
    "min": 0.06841529786,
    "max": 0.06968410786
  },
  "integer_roots_16": {
    "median": 0.07531971334000001,
    "mean": 0.07560759544,
    "stddev": 0.0008390620459905677,
    "min": 0.07461794534,
    "max": 0.07705995134
  },
  "integer_roots_256": {
    "median": 0.10906406782,
    "mean": 0.10907554162,
    "stddev": 0.001609423676620718,
    "min": 0.10698079532,
    "max": 0.11224803632000001
  },
  "integer_roots_4": {
    "median": 0.07119849342000001,
    "mean": 0.07096785672000001,
    "stddev": 0.000724697281852383,
    "min": 0.06977105642,
    "max": 0.07189368042
  },
  "integer_roots_64": {
    "median": 0.07933395562000001,
    "mean": 0.07954414732000001,
    "stddev": 0.0007979061119863187,
    "min": 0.07841993862,
    "max": 0.08086467662
  },
  "inv_1": {
    "median": 0.0018976542400000003,
    "mean": 0.0019143951400000005,
    "stddev": 5.8278842757518414e-05,
    "min": 0.0018471437400000004,
    "max": 0.0020220007400000004
  },
  "inv_16": {
    "median": 0.00215208752,
    "mean": 0.0021564970200000006,
    "stddev": 3.5801860479279225e-05,
    "min": 0.00211583602,
    "max": 0.00223590102
  },
  "inv_256": {
    "median": 0.00220185236,
    "mean": 0.00221135196,
    "stddev": 5.258361319355009e-05,
    "min": 0.0021448303599999998,
    "max": 0.00229463036
  },
  "inv_4": {
    "median": 0.0019346703000000002,
    "mean": 0.0019390372000000003,
    "stddev": 4.812402494354214e-05,
    "min": 0.0018646083000000003,
    "max": 0.0020381753000000002
  },
  "inv_64": {
    "median": 0.0021924009400000003,
    "mean": 0.0021932513400000006,
    "stddev": 1.711388584486623e-05,
    "min": 0.0021539729400000002,
    "max": 0.0022157649400000004
  },
  "pi_1": {
    "median": 0.0013097910800000002,
    "mean": 0.00131180098,
    "stddev": 1.784035692343499e-05,
    "min": 0.00128233458,
    "max": 0.0013362755800000001
  },
  "pi_16": {
    "median": 0.0013159025,
    "mean": 0.0013275979000000001,
    "stddev": 3.722213638623604e-05,
    "min": 0.0012890375,
    "max": 0.0013951165000000002
  },
  "pi_256": {
    "median": 0.007690379140000001,
    "mean": 0.00810814984,
    "stddev": 0.0009096989699132835,
    "min": 0.007094272640000001,
    "max": 0.00972056664
  },
  "pi_4": {
    "median": 0.0013098037400000003,
    "mean": 0.0013054640400000002,
    "stddev": 2.2611646714076813e-05,
    "min": 0.0012585367400000003,
    "max": 0.0013315337400000003
  },
  "pi_64": {
    "median": 0.0034962182000000007,
    "mean": 0.0034742798000000005,
    "stddev": 0.00011948321657705728,
    "min": 0.0032713822000000003,
    "max": 0.0036494792000000002
  },
  "sin_1": {
    "median": 0.00468933044,
    "mean": 0.00466074564,
    "stddev": 8.104171717880168e-05,
    "min": 0.00455678344,
    "max": 0.00479330844
  },
  "sin_16": {
    "median": 0.0048722541800000005,
    "mean": 0.00486953478,
    "stddev": 5.532331847813676e-05,
    "min": 0.0047713786800000005,
    "max": 0.004959202680000001
  },
  "sin_256": {
    "median": 0.082593575,
    "mean": 0.08040925980000002,
    "stddev": 0.005334684769151012,
    "min": 0.07094195550000001,
    "max": 0.0850308775
  },
  "sin_4": {
    "median": 0.00466895864,
    "mean": 0.004716179440000001,
    "stddev": 0.00010182985038566364,
    "min": 0.004594108140000001,
    "max": 0.00492474814
  },
  "sin_64": {
    "median": 0.0092964208,
    "mean": 0.009490974000000001,
    "stddev": 0.000360953890191839,
    "min": 0.0092021808,
    "max": 0.0100981458
  },
  "summation": {
    "median": 0.28218496288,
    "mean": 0.2820368722800001,
    "stddev": 0.0015903169868579554,
    "min": 0.27922210738000003,
    "max": 0.28506215838
  }
}
