{
  "asymmetric_convergence_1": {
    "median": 0.0008028950000000001,
    "mean": 0.0008056947000000002,
    "stddev": 1.7930955553641502e-05,
    "min": 0.0007755855000000001,
    "max": 0.0008272785000000001
  },
  "asymmetric_convergence_16": {
    "median": 0.00120967132,
    "mean": 0.0012137107200000002,
    "stddev": 2.1570157576563473e-05,
    "min": 0.00118646682,
    "max": 0.00125068382
  },
  "asymmetric_convergence_256": {
    "median": 0.0017619337800000002,
    "mean": 0.0017476685799999998,
    "stddev": 4.7110216591402814e-05,
    "min": 0.00164986578,
    "max": 0.00179405478
  },
  "asymmetric_convergence_4": {
    "median": 0.00085645792,
    "mean": 0.0008616123200000001,
    "stddev": 1.8172756877932546e-05,
    "min": 0.00083600742,
    "max": 0.00088837642
  },
  "asymmetric_convergence_64": {
    "median": 0.00137738696,
    "mean": 0.0013686590600000003,
    "stddev": 4.206946623132849e-05,
    "min": 0.0012767219600000003,
    "max": 0.0014115929600000002
  },
  "complex": {
    "median": 0.041089540900000006,
    "mean": 0.040688946000000004,
    "stddev": 0.0011043218417736136,
    "min": 0.038572139400000004,
    "max": 0.0419760074
  },
  "integer_roots_1": {
    "median": 0.061872816000000004,
    "mean": 0.0630033314,
    "stddev": 0.002522223994811376,
    "min": 0.061412470000000004,
    "max": 0.069358272
  },
  "integer_roots_16": {
    "median": 0.06805135304,
    "mean": 0.06834301674,
    "stddev": 0.0009241266817527163,
    "min": 0.06731359754,
    "max": 0.07066899754
  },
  "integer_roots_256": {
    "median": 0.09894602810000001,
    "mean": 0.09897356360000001,
    "stddev": 0.0006611894804525505,
    "min": 0.0980110336,
    "max": 0.09981890260000001
  },
  "integer_roots_4": {
    "median": 0.06313942754000001,
    "mean": 0.06331028444,
    "stddev": 0.0004555658528873605,
    "min": 0.06262740354,
    "max": 0.06414241154
  },
  "integer_roots_64": {
    "median": 0.07367226452,
    "mean": 0.07372633322000001,
    "stddev": 0.0005808335108011307,
    "min": 0.07316928152,
    "max": 0.07503154552
  },
  "inv_1": {
    "median": 0.0013903199600000002,
    "mean": 0.0014283063600000001,
    "stddev": 0.00014427709430213327,
    "min": 0.0013242259600000001,
    "max": 0.00182760196
  },
  "inv_16": {
    "median": 0.00193428224,
    "mean": 0.00194729334,
    "stddev": 7.039381664361973e-05,
    "min": 0.00182407424,
    "max": 0.00203444124
  },
  "inv_256": {
    "median": 0.00187703976,
    "mean": 0.0018926445600000001,
    "stddev": 4.046810879308413e-05,
    "min": 0.00185644376,
    "max": 0.0019773847600000004
  },
  "inv_4": {
    "median": 0.0014287107400000002,
    "mean": 0.0014321319400000005,
    "stddev": 3.643548460879562e-05,
    "min": 0.0013839182400000002,
    "max": 0.0015022232400000004
  },
  "inv_64": {
    "median": 0.00175624304,
    "mean": 0.0017584981400000001,
    "stddev": 2.6321393209495808e-05,
    "min": 0.0017234365399999999,
    "max": 0.0018099485400000003
  },
  "pi_1": {
    "median": 0.0009224186800000001,
    "mean": 0.0009201568800000003,
    "stddev": 1.4176994500480896e-05,
    "min": 0.0008947126800000002,
    "max": 0.00094671868
  },
  "pi_16": {
    "median": 0.00094557338,
    "mean": 0.00094498438,
    "stddev": 1.6584665735418265e-05,
    "min": 0.00092054638,
    "max": 0.0009750853800000001
  },
  "pi_256": {
    "median": 0.00757056742,
    "mean": 0.00748953502,
    "stddev": 0.00031829816962792743,
    "min": 0.0066284054200000005,
    "max": 0.00780437942
  },
  "pi_4": {
    "median": 0.0009341651200000001,
    "mean": 0.0009312201200000001,
    "stddev": 1.7013966276105162e-05,
    "min": 0.0009028801200000002,
    "max": 0.00096039412
  },
  "pi_64": {
    "median": 0.0029199586600000002,
    "mean": 0.0029041981600000004,
    "stddev": 0.00016208606006361078,
    "min": 0.0026285926600000003,
    "max": 0.00310255666
  },
  "sin_1": {
    "median": 0.00358762488,
    "mean": 0.0035853242800000006,
    "stddev": 5.0772235668391365e-05,
    "min": 0.00351346638,
    "max": 0.00368553438
  },
  "sin_16": {
    "median": 0.00394186968,
    "mean": 0.0039546721799999995,
    "stddev": 6.24075810374384e-05,
    "min": 0.0038602836800000003,
    "max": 0.00409932168
  },
  "sin_256": {
    "median": 0.09873863930000001,
    "mean": 0.10330564439999998,
    "stddev": 0.008250361368316788,
    "min": 0.09503066880000001,
    "max": 0.1142599908
  },
  "sin_4": {
    "median": 0.00358815294,
    "mean": 0.00360107184,
    "stddev": 6.452352530873268e-05,
    "min": 0.00353345744,
    "max": 0.00373928844
  },
  "sin_64": {
    "median": 0.00809099332,
    "mean": 0.00824259182,
    "stddev": 0.00036237422195508815,
    "min": 0.00797408782,
    "max": 0.00897144982
  },
  "summation": {
    "median": 0.18541396999999998,
    "mean": 0.18534727010000002,
    "stddev": 0.0007230654238326365,
    "min": 0.1837377005,
    "max": 0.1863735275
  }
}
